CACHE type 5 produced by analog 6.0/Unix. Do not modify or delete!
T	0	0	1380	427	992	1861	7375007
D	29241027	29310473
20306	77	1	0	8
20306	101	54	0	4491
20306	108	3	2	6517
20306	110	23	19	106225
20306	111	2	2	15918
20306	114	2	2	0
20306	115	1	1	0
20306	118	2	1	4028
20306	119	1	1	0
20306	120	1	1	2491
20306	121	3	1	4193
20306	122	3	1	4210
20306	124	5	5	12450
20306	129	3	2	4027
20306	130	8	4	16108
20306	131	5	5	7049
20306	132	2	2	2840
20306	133	2	1	4027
20306	142	1	1	2120
20306	158	1	1	2490
20306	174	1	1	2490
20306	203	1	1	2490
20306	238	1	1	2490
20307	17	1	1	2490
20307	51	1	1	2490
20307	69	3	3	23880
20307	79	1	1	2490
20307	86	3	3	23880
20307	93	3	3	23880
20307	113	3	3	23880
20307	127	1	1	2490
20307	129	3	3	23880
20307	130	1	1	2490
20307	144	1	1	2490
20307	148	3	3	23880
20307	154	1	1	2490
20307	155	4	2	8054
20307	168	1	1	2490
20307	185	1	1	2490
20307	192	3	3	23880
20307	197	1	1	2490
20307	198	1	1	2490
20307	232	3	3	23880
20307	233	1	1	2490
20307	236	1	1	2490
20308	11	1	1	2490
20308	23	1	1	2490
20308	51	1	1	2490
20308	93	1	1	2490
20308	133	1	1	2490
20308	136	1	0	1537
20308	138	1	1	2490
20308	140	1	0	1537
20308	158	1	1	2490
20308	160	1	1	2490
20308	180	1	1	2490
20308	187	1	1	2490
20308	204	1	1	2490
20308	235	1	1	2490
20308	239	1	1	2490
20308	252	2	2	4980
20308	257	1	1	2490
20309	15	1	1	2490
20309	22	1	1	7960
20309	30	1	1	2490
20309	31	1	1	2490
20309	33	1	1	7960
20309	34	1	1	7960
20309	55	1	1	2490
20309	82	1	1	2490
20309	98	5	5	39800
20309	109	1	1	7960
20309	162	1	1	2490
20309	168	1	1	2490
20309	171	1	1	2490
20309	187	1	1	2490
20309	190	1	1	2490
20309	260	1	1	2490
20309	275	1	1	2490
20310	0	1	1	2490
20310	36	1	1	2490
20310	62	2	2	10450
20310	68	3	2	166
20310	69	1	1	0
20310	71	11	0	1826
20310	75	1	1	2490
20310	83	4	1	237195
20310	84	2	1	2656
20310	86	13	7	20390
20310	87	5	4	7255
20310	95	3	1	4282
20310	96	3	2	6601
20310	97	6	2	8621
20310	112	2	1	4898
20310	120	1	1	3276
20310	122	2	0	332
20310	123	2	1	4037
20310	124	2	0	235568
20310	130	2	1	4290
20310	131	1	0	166
20310	133	1	1	2743
20310	142	1	1	2743
20310	160	1	1	2743
20310	187	4	1	4576
20310	210	1	1	2743
20311	17	1	1	2743
20311	20	1	1	2743
20311	69	1	1	2743
20311	78	1	1	8958
20311	80	2	1	4290
20311	82	2	2	0
20311	83	9	5	17156
20311	84	8	6	11321
20311	88	6	3	12879
20311	90	1	1	2743
20311	100	1	0	166
20311	105	1	1	2617
20311	106	1	1	2617
20311	107	1	1	2619
20311	109	3	2	4165
20311	110	6	3	12569
20311	156	1	1	2656
20311	205	2	2	5312
20311	257	1	1	2656
20312	39	2	2	5312
20312	78	1	1	2656
20312	93	3	1	1782
20312	94	6	2	8819
20312	97	3	1	4368
20312	98	1	1	2656
20312	102	1	1	2656
20312	106	2	1	4202
20312	107	5	2	4533
20312	108	3	1	4368
20312	109	3	1	4368
20312	111	2	1	4467
20312	112	3	2	6858
20312	114	2	1	4204
20312	118	2	1	4203
20312	121	2	1	4020
20312	122	3	1	2631
20312	124	4	2	6660
20312	126	11	1	4021
20312	127	1	1	2631
20312	128	1	1	0
20312	134	2	1	2631
20312	138	5	4	2631
20312	139	5	2	6506
20312	140	1	0	0
20312	150	1	1	2480
20312	189	1	1	2480
20312	196	1	1	2480
20312	225	1	1	2480
20312	231	1	1	2480
20312	233	1	1	2480
20312	253	1	1	2480
20312	262	1	1	2480
20312	272	1	1	2480
20313	6	1	1	2480
20313	25	1	1	2480
20313	46	1	1	2480
20313	73	4	2	6657
20313	90	2	1	3838
20313	123	1	1	2480
20313	156	1	1	2480
20313	192	1	1	2480
20313	208	1	1	2480
20313	282	1	1	2480
20313	287	1	1	2480
20314	10	1	1	2480
20314	27	1	1	7820
20314	40	1	1	7820
20314	77	1	1	2480
20314	154	1	1	2480
20314	253	1	1	2480
20314	256	1	1	2480
20314	278	1	1	2480
20315	57	1	1	2480
20315	85	1	1	2480
20315	129	1	1	2480
20315	158	3	2	6169
20315	180	2	1	4026
20315	181	2	1	4026
20315	183	1	1	2480
20315	201	1	1	2480
20316	1	1	1	2480
20316	23	1	1	2480
20316	28	1	1	2480
20316	64	1	1	2480
20316	101	1	1	2480
20316	155	1	1	2480
20316	167	1	1	2480
20316	171	1	1	2480
20317	8	1	1	2480
20317	27	1	1	2480
20318	108	1	1	2474
20318	130	1	1	2135
20318	132	1	1	2474
20318	186	1	1	2474
20318	205	1	1	2474
20319	7	2	2	4948
20319	26	1	1	2474
20319	30	1	1	2474
20319	108	1	1	2474
20319	160	1	1	2474
20319	179	1	1	2474
20319	226	2	2	4948
20319	277	1	1	2474
20320	14	1	1	2474
20320	32	1	1	2474
20320	40	1	1	2474
20320	99	1	1	2474
20320	173	1	1	2474
20321	5	1	1	2474
20321	34	1	1	2474
20321	92	1	1	2474
20321	171	1	1	2474
20321	204	1	1	2474
20321	208	1	1	2474
20321	251	4	2	7062
20321	261	1	1	2474
20321	269	2	2	4948
20322	15	1	1	2474
20322	38	1	1	2474
20322	101	1	1	2474
20322	136	1	1	2474
20322	169	1	1	2135
20322	182	1	0	1396
20322	222	1	1	2474
20322	228	1	1	2474
20322	231	1	1	2474
20322	232	1	1	2474
20322	281	1	1	2474
20323	70	1	1	2474
20323	86	1	1	2474
20323	104	1	1	2474
20323	186	1	1	2474
20323	278	1	1	2474
20324	16	1	1	2474
20324	55	1	1	2135
20324	63	1	1	2474
20324	77	1	1	2474
20324	93	1	1	2474
20324	107	1	1	2474
20324	180	1	1	2474
20324	187	1	1	2474
20325	37	2	2	4948
20325	123	1	1	2474
20325	159	1	1	2474
20325	191	1	1	2474
20325	203	1	1	2474
20325	241	1	1	2474
20326	23	1	1	2474
20326	44	1	1	2474
20326	60	1	1	2474
20326	116	1	1	7820
20326	126	2	2	10294
20326	167	2	2	4948
20326	187	1	1	2474
20326	208	1	1	2474
20327	9	1	1	2135
20327	31	1	1	2474
20327	84	1	1	2474
20327	171	1	1	2474
20327	214	1	1	2474
20327	243	1	1	7820
20328	10	1	1	2474
20328	20	4	2	7062
20328	25	2	1	3531
20328	39	1	1	2474
20328	76	1	1	2474
20328	99	1	1	2474
20328	117	1	1	2474
20328	198	1	1	2474
20328	246	1	1	2474
20329	7	1	1	2474
20329	32	1	1	2474
20329	51	1	1	2474
20329	99	1	1	2474
20329	103	1	1	2474
20329	120	1	1	2474
20329	126	1	1	2474
20329	203	1	1	2474
20330	3	1	1	2474
20330	23	1	1	2474
20330	58	1	1	2474
20330	145	1	1	2474
20330	221	1	1	2474
20330	271	1	1	2474
20331	5	1	1	2474
20331	60	1	1	2474
20331	75	1	1	2474
20331	99	1	1	2474
20331	151	1	1	2474
20331	187	1	1	2474
20331	286	1	1	2474
20332	1	1	1	2474
20332	17	1	1	2474
20332	18	1	1	2474
20332	63	1	1	2135
20332	99	1	1	2474
20332	110	1	1	2474
20332	187	1	1	2474
20332	199	4	2	7062
20332	244	1	1	2474
20333	36	1	1	2474
20333	65	1	1	2474
20333	85	1	1	2474
20333	126	1	1	2474
20333	135	1	1	2474
20333	203	1	1	2474
20333	233	1	1	2474
20334	40	1	1	2474
20334	42	1	1	2474
20334	123	1	1	2474
20334	199	1	1	2474
20334	239	1	1	2474
20334	280	1	1	2474
20335	45	1	1	2474
20335	52	1	1	2474
20335	70	1	1	2474
20335	78	1	1	2474
20335	131	1	1	2474
20335	206	1	1	2474
20336	22	1	1	2474
20336	52	1	1	2474
20336	75	1	1	2474
20336	111	1	1	2474
20336	125	1	1	2474
20336	195	1	1	2474
20336	237	1	1	2135
20336	284	1	1	2474
20337	77	1	1	2474
20337	144	1	0	4232
20337	158	1	0	4232
20337	226	1	0	3897
20338	0	1	0	4232
20338	9	1	0	3897
20338	46	1	0	4232
20338	57	3	0	12696
20338	92	1	0	4232
20338	167	1	0	4232
20338	176	18	0	139626
20338	177	132	0	1023924
20338	265	1	0	4232
20339	6	1	0	4232
20339	38	1	0	4232
20339	85	1	0	4232
20339	157	1	0	4232
20339	250	1	0	3897
20339	255	83	0	631630
20339	272	1	0	4232
20340	8	1	0	4232
20340	16	1	0	7610
20340	90	1	0	7610
20340	91	1	0	4232
20340	126	47	0	364579
20340	127	70	0	542990
20340	164	1	0	4232
20340	166	1	0	3897
20340	210	2	0	8672
20340	232	2	0	8464
20340	240	2	0	8672
20340	258	1	0	4232
20340	268	117	0	890370
20341	19	1	0	4232
20341	30	1	0	4232
20341	105	1	0	4232
20341	174	1	0	4232
20341	203	1	0	3897
20341	242	1	0	4232
20342	4	2	0	7794
20342	42	2	0	8464
20342	53	1	0	4232
20342	86	1	0	4232
20342	141	1	0	4232
20342	216	1	0	3897
20342	219	1	0	4232
20342	220	1	0	4232
20342	257	1	0	7757
20342	272	1	0	4232
20343	1	1	0	4232
20343	2	1	0	4232
20343	31	1	0	4336
20343	45	2	0	7794
20343	80	1	0	4232
20343	122	1	0	7757
20343	157	1	0	4232
20343	167	1	0	4232
20343	199	1	0	4232
20343	229	1	0	4232
20343	255	95	0	736915
20344	3	2	0	7794
20344	6	1	0	4232
20344	64	1	0	4232
20344	85	1	0	4232
20344	108	1	0	4232
20344	110	1	0	4232
20344	159	1	0	4232
20344	169	1	0	4232
20344	205	1	0	4232
20344	250	87	0	662070
20345	1	1	0	4232
20345	6	1	0	4232
20345	13	1	0	4232
20345	26	1	0	4232
20345	45	2	0	7794
20345	98	1	0	4232
20345	110	1	0	4232
20345	144	1	0	4232
20345	178	1	0	4232
20345	280	1	0	4232
20346	8	2	0	7794
20346	40	1	0	4232
20346	48	1	0	4232
20346	83	1	0	4232
20346	92	1	0	4232
20346	119	1	0	4232
20346	120	1	0	4336
20346	130	1	0	4232
20346	176	1	0	4232
20346	188	1	0	4232
20346	196	1	0	4232
20346	222	1	0	4232
20346	250	2	0	8464
20346	286	2	0	8129
20347	23	1	0	4232
20347	34	2	0	7794
20347	45	2	0	7794
20347	69	1	0	4232
20347	79	2	0	8464
20347	88	1	0	4232
20347	101	1	0	4232
20347	163	1	0	4232
20347	170	1	0	4232
20347	208	1	0	4232
20347	254	1	0	4232
20348	10	1	0	4232
20348	41	1	0	4232
20348	50	2	0	7794
20348	56	1	0	4232
20348	58	1	0	4232
1	0	0	1	10	0	29287006	29255421	0	29287006	29242718	0	/.env.local
1	0	0	0	8	0	0	29243242	0	0	29242429	0	/wp/wp-includes/wlwmanifest.xml
1	0	0	3	0	0	29296614	0	0	29287606	0	0	/ext.php
1	0	0	2	0	0	29289438	0	0	29287606	0	0	/Lux.php
1	0	0	0	3	0	0	29243073	0	0	29242718	0	/sendgrid.env
1	0	0	0	5	0	0	29255421	0	0	29245875	0	/storage/logs/laravel.log
1	0	0	1	0	0	29296614	0	0	29296614	0	0	/Webb.php
1	0	0	1	0	0	29295199	0	0	29295199	0	0	/file0.php
1	0	0	0	2	0	0	29276345	0	0	29276017	0	/epinyins.php
1	0	0	1	0	0	29295199	0	0	29295199	0	0	/ofile.php
1	0	0	0	2	0	0	29249477	0	0	29248866	0	/config/application.yml
1	0	0	0	2	0	0	29276345	0	0	29276017	0	/shout.php
1	0	0	0	3	0	0	29266512	0	0	29248866	0	/config.js
1	0	0	0	1	0	0	29245875	0	0	29245875	0	/Dockerfile
1	0	0	1	0	0	29310378	0	0	29310378	0	0	/ut.php
1	0	0	5	0	0	29296614	0	0	29287604	0	0	/file17.php
1	0	0	5	0	0	29303361	0	0	29287605	0	0	/ava.php
1	0	0	1	0	0	29310378	0	0	29310378	0	0	/about3.php
1	0	0	0	3	0	0	29243073	0	0	29242718	0	/wp-config.php.backup
1	0	0	0	2	0	0	29249477	0	0	29248866	0	/static/js/main.js
1	0	0	4	0	0	29296614	0	0	29287605	0	0	/cool.php
1	0	0	2	0	0	29289438	0	0	29287606	0	0	/co.php
1	0	0	1	0	0	29296614	0	0	29296614	0	0	/class.5.php
1	0	0	1	0	0	29303361	0	0	29303361	0	0	/sad.php
1	0	0	0	1	0	0	29245875	0	0	29245875	0	/.project
1	0	0	0	2	0	0	29249477	0	0	29248866	0	/js/main.js
1	0	0	3	0	0	29290943	0	0	29287605	0	0	/fresh3.php
1	0	0	2	0	0	29289439	0	0	29287604	0	0	/sdsd777.php
1	0	0	0	1	0	0	29245875	0	0	29245875	0	/Pipfile.lock
1	0	0	0	3	0	0	29243073	0	0	29242718	0	/aws-credentials.txt
1	0	0	4	0	0	29296614	0	0	29287605	0	0	/des.php
1	0	0	1	0	0	29310379	0	0	29310379	0	0	/ahtrew.php
1	0	0	1	0	0	29303360	0	0	29303360	0	0	/vanta.php
1	0	0	3	0	0	29290943	0	0	29287605	0	0	/ertg.php
1	0	0	0	2	0	0	29249477	0	0	29248866	0	/mailer/.env
1	0	0	0	1	0	0	29245875	0	0	29245875	0	/config/database.php
1	0	0	5	0	0	29310379	0	0	29290235	0	0	/shell1.php
1	0	0	0	1	0	0	29266512	0	0	29266512	0	/env.js
1	0	0	0	1	0	0	29241885	0	0	29241885	0	/post/42/%D8%A8%D8%B1%D9%86%D8%A7%D9%85%D9%87-%D8%B0%D8%AE%DB%8C%D8%B1%D9%87-%D8%B9%DA%A9%D8%B3-%D9%85%D8%AE%D8%A7%D8%B7%D8%A8-%D8%AF%D8%B1-%D9%84%D8%A7%DB%8C%D9%86-%D8%A8%D8%B1%D8%A7%DB%8C-%D8%A7%D9%86%D8%AF%D8%B1%D9%88%DB%8C%D8%AF.html
1	0	0	0	1	0	0	29245875	0	0	29245875	0	/config/settings.php
1	1	0	0	0	29241146	0	0	29241146	0	0	64	/.well-known/acme-challenge/7B71RJW7CWC5HZ4YT2P5C5VII2AI0UIA
1	0	0	0	5	0	0	29247925	0	0	29246275	0	/.env_backup.txt
1	0	0	0	2	0	0	29249477	0	0	29248866	0	/crm/.env
1	0	0	0	2	0	0	29249477	0	0	29248865	0	/awsstats/.env
1	0	0	2	36	0	29303533	29265976	0	29287006	29241146	0	/.env
1	0	0	3	0	0	29290944	0	0	29287605	0	0	/ioxi.php
1	0	0	1	0	0	29296614	0	0	29296614	0	0	/tfm.php
1	0	0	3	0	0	29290943	0	0	29287605	0	0	/mbg.php
1	0	0	0	1	0	0	29270275	0	0	29270275	0	/.git/objects/
1	0	0	1	0	0	29295199	0	0	29295199	0	0	/file12.php
1	0	0	3	0	0	29290943	0	0	29287605	0	0	/667.php
1	0	0	0	2	0	0	29249477	0	0	29248865	0	/config/local.yml
1	0	0	3	2	0	29296614	29276345	0	29287605	29276017	0	/aa.php
1	0	0	4	0	0	29296614	0	0	29287605	0	0	/rsnu.php
1	0	0	4	0	0	29296614	0	0	29287605	0	0	/wp-update.php
1	0	0	1	0	0	29310378	0	0	29310378	0	0	/mlex.php
1	0	0	4	0	0	29296614	0	0	29287604	0	0	/ioxi2.php
1	0	0	1	0	0	29295199	0	0	29295199	0	0	/zfile.php
1	0	0	2	0	0	29290944	0	0	29290235	0	0	/chn.php
1	0	0	0	2	0	0	29276345	0	0	29276017	0	/v.php
1	0	0	0	2	0	0	29276345	0	0	29276017	0	/dropdown.php
1	0	0	0	2	0	0	29249477	0	0	29248866	0	/service/email_service.py
1	0	0	0	1	0	0	29245875	0	0	29245875	0	/*.old
1	0	0	0	1	0	0	29245875	0	0	29245875	0	/storage/framework/cache/
1	0	0	1	0	0	29296614	0	0	29296614	0	0	/abhgt.php
1	0	0	1	0	0	29310378	0	0	29310378	0	0	/wp-admin/install.php
1	0	0	1	0	0	29295198	0	0	29295198	0	0	/jfile.php
1	0	0	1	2	0	29303360	29276345	0	29303360	29276017	0	/ahax.php
1	0	0	3	0	0	29290943	0	0	29287605	0	0	/card.php
1	0	0	0	3	0	0	29241146	0	0	29241146	0	/version
1	0	0	1	0	0	29295199	0	0	29295199	0	0	/file403.php
1	0	0	0	2	0	0	29276345	0	0	29276017	0	/html.php
1	0	0	2	0	0	29296614	0	0	29289439	0	0	/default.php
1	0	0	0	2	0	0	29249477	0	0	29248866	0	/wp-config
1	0	0	2	0	0	29310379	0	0	29310378	0	0	/shellb.php
1	0	0	1	0	0	29310378	0	0	29310378	0	0	/hook.php
1	0	0	0	2	0	0	29249477	0	0	29248866	0	/_profiler/phpinfo/phpinfo.php
1	0	0	3	0	0	29290944	0	0	29287605	0	0	/class-t.api.php
1	0	0	1	0	0	29295199	0	0	29295199	0	0	/fe8.php
1	0	0	0	3	0	0	29255421	0	0	29245875	0	/config/aws.json
1	0	0	2	0	0	29290944	0	0	29290235	0	0	/awi.php
1	1	0	0	0	29241146	0	0	29241146	0	0	64	/.well-known/acme-challenge/3-RP5TS2GC22-SVXRU1NL3VP_YID_77-
1	0	0	0	2	0	0	29276345	0	0	29276017	0	/456.php
1	0	0	0	3	0	0	29243073	0	0	29242718	0	/config.ini
1	0	0	2	0	0	29290944	0	0	29290235	0	0	/whv.php
1	0	0	1	0	0	29295199	0	0	29295199	0	0	/fe.php
1	0	0	0	2	0	0	29249477	0	0	29248866	0	/website/.env
1	0	0	4	0	0	29296614	0	0	29287606	0	0	/manager.php
1	0	0	0	2	0	0	29249477	0	0	29248867	0	/app.py
1	0	0	0	9	0	0	29249477	0	0	29243140	0	/_profiler/phpinfo/info.php
1	0	0	0	2	0	0	29249477	0	0	29248867	0	/www/.env
1	0	0	0	2	0	0	29249477	0	0	29248866	0	/scripts/nodemailer.js
1	0	0	0	3	0	0	29243073	0	0	29242718	0	/app.yaml
1	0	0	0	5	0	0	29255421	0	0	29245875	0	/aws/credentials
1	0	0	0	2	0	0	29249477	0	0	29248867	0	/server/s3.js
1	0	0	0	3	0	0	29243073	0	0	29242718	0	/.env.txt/html/.env
1	0	0	0	4	0	0	29270275	0	0	29245875	0	/.gitignore
1	0	0	0	1	0	0	29245875	0	0	29245875	0	/var/log/php_errors.log
1	0	0	3	0	0	29290943	0	0	29287605	0	0	/png.php
1	0	0	0	2	0	0	29276345	0	0	29276017	0	/12.php
1	0	0	2	0	0	29289438	0	0	29287606	0	0	/re.php
1	75	0	0	1	29279078	0	29241180	29241181	0	29241180	115087	/Ceate an Account.css
1	0	0	0	3	0	0	29243073	0	0	29242718	0	/app/info
1	0	0	0	3	0	0	29255421	0	0	29245875	0	/.backup
1	0	0	3	0	0	29290943	0	0	29287605	0	0	/jga.php
1	1	1	0	0	29243988	0	0	29243988	0	0	2490	/?52.205.193.227
1	0	0	0	5	0	0	29247925	0	0	29246275	0	/helm/values.yaml
1	0	0	1	0	0	29295199	0	0	29295199	0	0	/fe3.php
1	0	0	0	2	0	0	29276345	0	0	29276017	0	/6.php
1	0	0	1	0	0	29295199	0	0	29295199	0	0	/ufile.php
1	0	0	0	1	0	0	29270275	0	0	29270275	0	/config/php.ini
1	0	0	0	3	0	0	29243073	0	0	29242718	0	/configuration.php.bak
1	0	0	0	8	0	0	29243242	0	0	29242429	0	/wp1/wp-includes/wlwmanifest.xml
1	0	0	1	5	0	29303361	29285867	0	29303361	29276017	0	/ar.php
1	0	0	0	3	0	0	29241146	0	0	29241146	0	/@vite/env
1	0	0	5	5	0	29310379	29285867	0	29287605	29276017	0	/lock360.php
1	0	0	0	1	0	0	29270275	0	0	29270275	0	/.git/logs/HEAD
1	0	0	0	8	0	0	29243242	0	0	29242429	0	/site/wp-includes/wlwmanifest.xml
1	0	0	0	5	0	0	29247925	0	0	29246275	0	/settings.yaml
1	0	0	0	3	0	0	29243073	0	0	29242718	0	/auth/login
1	5	0	0	0	29241146	0	0	29241146	0	0	435	/.well-known/acme-challenge/SgyXOKVwunXpYt_QigKPLTayNTI07tPN4SwZ99l0NRY
1	0	0	0	1	0	0	29276345	0	0	29276345	0	/uwu2.php
1	0	0	2	0	0	29289439	0	0	29287604	0	0	/hkn.php
1	0	0	0	8	0	0	29243242	0	0	29242429	0	/2019/wp-includes/wlwmanifest.xml
1	0	0	2	0	0	29296614	0	0	29295198	0	0	/efile.php
1	0	0	3	0	0	29290943	0	0	29287605	0	0	/admi.php
1	0	0	3	0	0	29290943	0	0	29287605	0	0	/moo.php
1	0	0	3	0	0	29290943	0	0	29287605	0	0	/hb02ugyh.php
1	0	0	0	2	0	0	29249477	0	0	29248866	0	/node/.env_example
1	0	0	0	5	0	0	29247925	0	0	29246275	0	/api/credentials
1	0	0	2	0	0	29290943	0	0	29290234	0	0	/mr.php
1	0	0	0	5	0	0	29247925	0	0	29246275	0	/bundle.js
1	1	0	0	0	29241146	0	0	29241146	0	0	64	/.well-known/acme-challenge/FC2B4NTNF0FB52BBGWR-DGPDQQXEK6CL
1	0	0	0	1	0	0	29245875	0	0	29245875	0	/local-config.php
1	0	0	3	0	0	29290944	0	0	29287605	0	0	/.lajuju.php
1	1	0	0	0	29241146	0	0	29241146	0	0	64	/.well-known/acme-challenge/C_IQZPM5MCXPUV4SEHHNKDGH88C0_5BK
1	0	0	1	0	0	29289438	0	0	29289438	0	0	/foot.php
1	0	0	1	0	0	29310378	0	0	29310378	0	0	/akses.php
1	0	0	2	0	0	29296614	0	0	29295199	0	0	/file7.php
1	0	0	1	0	0	29303360	0	0	29303360	0	0	/rak.php
1	0	0	0	7	0	0	29249477	0	0	29246275	0	/app.js
1	0	0	2	0	0	29289438	0	0	29287606	0	0	/berax.php
1	0	0	0	2	0	0	29249477	0	0	29248866	0	/laravel/core/.env
1	0	0	0	2	0	0	29249477	0	0	29248867	0	/static/js/2.ca066a4b.chunk.js
1	0	0	2	0	0	29310378	0	0	29303360	0	0	/nc4.php
1	0	0	0	2	0	0	29276345	0	0	29276017	0	/wp-mt.php
1	0	0	0	3	0	0	29243073	0	0	29242718	0	/test
1	0	0	3	2	0	29296613	29276345	0	29287605	29276017	0	/file.php
1	0	0	1	0	0	29310378	0	0	29310378	0	0	/g.php
1	0	0	0	2	0	0	29249477	0	0	29248866	0	/swagger.js
1	0	0	1	0	0	29310378	0	0	29310378	0	0	/fv.php
1	0	0	4	0	0	29296614	0	0	29287605	0	0	/gm.php
1	0	0	0	2	0	0	29276345	0	0	29276017	0	/alfa.php
1	5	0	0	1	29241146	0	29241153	29241146	0	29241153	435	/.well-known/acme-challenge/iAdd9oHxqkSUaMYzZCzPrOQVQlWtqVZ6hPzwJI2B3PQ
1	0	0	0	2	0	0	29249477	0	0	29248866	0	/backend/config/development.yml
1	0	0	0	2	0	0	29249477	0	0	29248867	0	/apis/controllers/users.js
1	0	0	2	0	0	29289438	0	0	29287606	0	0	/helper.php
1	0	0	0	1	0	0	29266512	0	0	29266512	0	/data.js
1	0	0	0	2	0	0	29249477	0	0	29248866	0	/controller/admin/post.js
1	0	0	3	0	0	29290943	0	0	29287605	0	0	/law.php
1	0	0	0	2	0	0	29249477	0	0	29248865	0	/lara/phpinfo.php
1	0	0	4	2	0	29310378	29276345	0	29287606	29276017	0	/lv.php
1	0	0	0	3	0	0	29255421	0	0	29245875	0	/debug.log
1	0	0	0	1	0	0	29245875	0	0	29245875	0	/*.bak
1	0	0	3	0	0	29290943	0	0	29287605	0	0	/jlex3.php
1	0	0	1	0	0	29289438	0	0	29289438	0	0	/ov.php
1	0	0	3	0	0	29290943	0	0	29287604	0	0	/pm.php
1	0	0	0	8	0	0	29243242	0	0	29242429	0	/wp-includes/wlwmanifest.xml
1	0	0	4	2	0	29296614	29276345	0	29287605	29276017	0	/a2.php
1	0	0	0	1	0	0	29270275	0	0	29270275	0	/config.properties
1	0	0	4	0	0	29296613	0	0	29287606	0	0	/file2.php
1	0	0	1	0	0	29295199	0	0	29295199	0	0	/pfile.php
1	0	0	0	11	0	0	29270275	0	0	29242718	0	/test.php
1	0	0	1	0	0	29300077	0	0	29300077	0	0	/ads.txt
1	0	0	2	0	0	29290944	0	0	29290235	0	0	/mws.php
1	0	0	1	0	0	29295199	0	0	29295199	0	0	/file20.php
1	0	0	1	0	0	29295199	0	0	29295199	0	0	/file19.php
1	0	0	2	0	0	29309106	0	0	29307679	0	0	/?167.172.159.232
1	0	0	1	0	0	29310378	0	0	29310378	0	0	/vanta-1.php
1	0	0	0	5	0	0	29249477	0	0	29242718	0	/_profiler/phpinfo
1	0	0	0	2	0	0	29249477	0	0	29248866	0	/xampp/.env
1	0	0	1	0	0	29289438	0	0	29289438	0	0	/Ova-Simple.php
1	0	0	3	0	0	29290943	0	0	29287605	0	0	/pola.php
1	0	0	0	1	0	0	29274669	0	0	29274669	0	/user/biomarshal
1	0	0	0	3	0	0	29241146	0	0	29241146	0	/server-status
1	0	0	0	3	0	0	29255421	0	0	29245875	0	/docker-compose.dev.yml
1	0	0	0	2	0	0	29249477	0	0	29248865	0	/.env.production.local
1	0	0	2	0	0	29289438	0	0	29287606	0	0	/ez.php
1	0	0	0	2	0	0	29249477	0	0	29248866	0	/sms.py
1	0	0	3	0	0	29290943	0	0	29287605	0	0	/zeal.php
1	1	0	0	0	29241146	0	0	29241146	0	0	64	/.well-known/acme-challenge/UM5AJA1SUNC3035I70QZFQ-F6XY5AKMV
1	1	0	0	0	29241146	0	0	29241146	0	0	64	/.well-known/acme-challenge/EK45AN8WQYUA41RGLPD-FAHGP1X6ELLJ
1	0	0	0	8	0	0	29243242	0	0	29242429	0	/news/wp-includes/wlwmanifest.xml
1	0	0	0	2	0	0	29276345	0	0	29276017	0	/ova.php
1	0	0	3	0	0	29290943	0	0	29287605	0	0	/wp-xx.php
1	0	0	0	2	0	0	29249477	0	0	29248866	0	/test_phpinfo.php
1	0	0	0	6	0	0	29255421	0	0	29241146	0	/.DS_Store
1	0	0	0	6	0	0	29243073	0	0	29242718	0	/%c0/
1	0	0	0	1	0	0	29245875	0	0	29245875	0	/*.backup
1	0	0	0	2	0	0	29285836	0	0	29285836	0	/DOMAIN-INI-HAPUS-SAJA-GA-VULN
1	0	0	4	0	0	29303360	0	0	29287605	0	0	/v2.php
1	0	0	2	0	0	29289438	0	0	29287606	0	0	/bless_250808022320.php
1	0	0	3	0	0	29310473	0	0	29306336	0	0	/post/62/
1	0	0	2	0	0	29303361	0	0	29303361	0	0	/slo.php
1	0	0	0	5	0	0	29247925	0	0	29246275	0	/config/dev.json
1	0	0	0	2	0	0	29249477	0	0	29248866	0	/library/.env
1	5	0	0	1	29241146	0	29241153	29241146	0	29241153	435	/.well-known/acme-challenge/TLPpJKQvfISu3-3puuRF6nRxHpPfd8Da0JTRqzobdrk
1	0	0	3	0	0	29290943	0	0	29287605	0	0	/noe.php
1	0	0	0	3	0	0	29241146	0	0	29241146	0	/telescope/requests
1	5	0	0	0	29241146	0	0	29241146	0	0	435	/.well-known/acme-challenge/FvYmZRbM8mIcT6_TChVXpgfP3_YwdeRm5u6c8a3aCW8
1	0	0	3	0	0	29290944	0	0	29287605	0	0	/iov.php
1	0	0	1	0	0	29295199	0	0	29295199	0	0	/file14.php
1	0	0	0	2	0	0	29249477	0	0	29248866	0	/controllers/settings.js
1	0	0	0	5	0	0	29247925	0	0	29246275	0	/nuxt.config.js
1	0	0	2	0	0	29289438	0	0	29287606	0	0	/xLB2NXAP.php
1	0	0	0	2	0	0	29249477	0	0	29248866	0	/shared/config/config.js
1	0	0	1	0	0	29296614	0	0	29296614	0	0	/class.2.php
1	0	0	0	3	0	0	29243073	0	0	29242718	0	/configs/application.ini
1	0	0	1	0	0	29303361	0	0	29303361	0	0	/great.php
1	0	0	0	2	0	0	29249477	0	0	29248866	0	/admin/config?cmd=cat+/root/.aws/credentials
1	0	0	0	5	0	0	29247925	0	0	29246275	0	/src/main/resources/application.yml
1	0	0	0	1	0	0	29270275	0	0	29270275	0	/config
1	0	0	0	2	0	0	29276345	0	0	29276017	0	/x.php
1	0	0	0	3	0	0	29241146	0	0	29241146	0	/debug/default/view?panel=config
1	0	0	0	2	0	0	29276345	0	0	29276017	0	/ll.php
1	0	0	1	0	0	29310378	0	0	29310378	0	0	/akk.php
1	0	0	0	2	0	0	29249477	0	0	29248866	0	/node_modules/.env
1	0	0	2	0	0	29289438	0	0	29287606	0	0	/disagimons.php
1	0	0	0	1	0	0	29243025	0	0	29243025	0	/User/duneh
1	0	0	0	11	0	0	29270275	0	0	29242718	0	/phpinfo.php
1	0	0	1	0	0	29295199	0	0	29295199	0	0	/kfile.php
1	0	0	1	3	0	29303360	29285867	0	29303360	29277992	0	/ol.php
1	0	0	1	0	0	29310378	0	0	29310378	0	0	/gelap.php
1	0	0	0	2	0	0	29249477	0	0	29248866	0	/env/.env
1	0	0	0	2	0	0	29276345	0	0	29276017	0	/123.php
1	1	0	0	0	29248343	0	0	29248343	0	0	166	/snd_otp.php?178.239.151.243
1	0	0	0	2	0	0	29249477	0	0	29248867	0	/configs/routes-4aug.js
1	0	0	0	2	0	0	29249477	0	0	29248866	0	/aws.yml
1	0	0	0	2	0	0	29249477	0	0	29248866	0	/backend/config/default.yml
1	0	0	0	2	0	0	29249477	0	0	29248866	0	/laravel/.env
1	0	0	0	8	0	0	29243242	0	0	29242429	0	/shop/wp-includes/wlwmanifest.xml
1	0	0	1	0	0	29310378	0	0	29310378	0	0	/bp.php
1	0	0	0	7	0	0	29246616	0	0	29243140	0	/_profiler/i.php
1	0	0	0	5	0	0	29255421	0	0	29245875	0	/.aws/config
1	0	0	0	2	0	0	29249477	0	0	29248867	0	/configs/routes.js
1	0	0	0	8	0	0	29243242	0	0	29242429	0	/wp2/wp-includes/wlwmanifest.xml
1	0	0	1	0	0	29303360	0	0	29303360	0	0	/bless2.php
1	0	0	4	2	0	29290944	29276345	0	29287605	29276017	0	/zwso.php
1	0	0	0	2	0	0	29249477	0	0	29248866	0	/user/config/config.js
1	0	0	3	0	0	29290943	0	0	29287605	0	0	/xex.php
1	0	0	3	0	0	29296614	0	0	29287606	0	0	/cbrfo.php
1	0	0	0	2	0	0	29249477	0	0	29248866	0	/gatsby-config.js
1	0	0	3	0	0	29290943	0	0	29287605	0	0	/h8h9.php
1	0	0	0	1	0	0	29245875	0	0	29245875	0	/build.gradle
1	0	0	0	13	0	0	29255421	0	0	29242718	0	/.env.production
1	0	0	1	0	0	29289438	0	0	29289438	0	0	/xjEuhHoaut.php
1	0	0	0	2	0	0	29249477	0	0	29248866	0	/admin/controllers/partner.js
1	0	0	0	3	0	0	29241146	0	0	29241146	0	/actuator/env
1	0	0	0	3	0	0	29255421	0	0	29245875	0	/backup.tar.gz
1	0	0	0	3	0	0	29255421	0	0	29245875	0	/.env.development
1	0	0	0	2	0	0	29249477	0	0	29248865	0	/.travis.yml
1	0	0	0	1	0	0	29274277	0	0	29274277	0	/favicon.ico?43.134.141.244
1	0	0	0	5	0	0	29247925	0	0	29246275	0	/*.map
1	0	0	0	12	0	0	29249477	0	0	29246275	0	/docker/.env
1	0	0	5	0	0	29296614	0	0	29287605	0	0	/fe5.php
1	0	0	2	0	0	29289438	0	0	29287606	0	0	/live.php
1	0	0	0	7	0	0	29285867	0	0	29276017	0	/wp.php
1	0	0	1	0	0	29295199	0	0	29295199	0	0	/vfile.php
1	0	0	0	2	0	0	29249477	0	0	29248866	0	/js/.env
1	0	0	0	10	0	0	29255421	0	0	29245875	0	/config.yaml
1	0	0	3	1	0	29296614	29285867	0	29287606	29285867	0	/axx.php
1	0	0	1	0	0	29289438	0	0	29289438	0	0	/ledlight.php
1	0	0	2	0	0	29310379	0	0	29296614	0	0	/keu.php
1	0	0	1	0	0	29310378	0	0	29310378	0	0	/finny.php
1	0	0	4	0	0	29296614	0	0	29287605	0	0	/yanki.php
1	0	0	1	0	0	29310378	0	0	29310378	0	0	/hk.php
1	0	0	0	6	0	0	29243073	0	0	29242718	0	/.env1
1	0	0	0	2	0	0	29249477	0	0	29248866	0	/admin/server_info.php
1	1	0	0	0	29241146	0	0	29241146	0	0	64	/.well-known/acme-challenge/R2Y_DJOILGIQM1_NDW6GIT2NQF99GF_C
1	0	0	0	3	0	0	29255421	0	0	29245875	0	/credentials.json
1	0	0	0	3	0	0	29241146	0	0	29241146	0	/.vscode/sftp.json
1	0	0	2	0	0	29289438	0	0	29287606	0	0	/uploan.php
1	0	0	6	0	0	29303360	0	0	29287605	0	0	/ffile.php
1	0	0	0	2	0	0	29276345	0	0	29276017	0	/kk.php
1	0	0	0	1	0	0	29245875	0	0	29245875	0	/pom.xml
1	0	0	0	1	0	0	29245875	0	0	29245875	0	/var/www/html/phpinfo.php
1	0	0	0	3	0	0	29255421	0	0	29245875	0	/db.sql
1	0	0	4	0	0	29303361	0	0	29287605	0	0	/aaaa.php
1	0	0	0	2	0	0	29276345	0	0	29276017	0	/akcc.php
1	0	0	1	0	0	29310378	0	0	29310378	0	0	/yes.php
1	0	0	2	0	0	29296614	0	0	29295199	0	0	/file9.php
1	0	0	0	2	0	0	29249477	0	0	29248865	0	/secrets/aws_ses.env
1	0	0	0	2	0	0	29249477	0	0	29248866	0	/react-app/.env
1	5	0	0	0	29241146	0	0	29241146	0	0	435	/.well-known/acme-challenge/wUiPxnaTRgd4T7LtKeAHecZ7eHbknS-xL3zvZ7Oq-xo
1	0	0	0	2	0	0	29249477	0	0	29248865	0	/config/storage.yml
1	0	0	1	0	0	29310378	0	0	29310378	0	0	/MF.php
1	0	0	1	0	0	29295199	0	0	29295199	0	0	/fe0.php
1	0	0	1	2	0	29296614	29276345	0	29296614	29276017	0	/3.php
1	0	0	0	2	0	0	29249477	0	0	29248866	0	/config/parameters.yml
1	0	0	3	0	0	29290944	0	0	29287605	0	0	/lol.php
1	0	0	2	0	0	29289438	0	0	29287606	0	0	/Sanskrit.php
1	0	0	0	5	0	0	29247925	0	0	29246275	0	/config/default.json
1	0	0	0	1	0	0	29245875	0	0	29245875	0	/package-lock.json
1	0	0	1	0	0	29303361	0	0	29303361	0	0	/makeasmtp.php
1	0	0	0	9	0	0	29249477	0	0	29243140	0	/i.php
1	0	0	0	1	0	0	29245875	0	0	29245875	0	/var/log/apache2/error.log
1	0	0	0	1	0	0	29245875	0	0	29245875	0	/package.json
1	0	0	0	3	0	0	29255421	0	0	29245875	0	/database.sql
1	0	0	3	0	0	29290943	0	0	29287605	0	0	/xzs.php
1	0	0	0	1	0	0	29245875	0	0	29245875	0	/app/config/config.php
1	0	0	4	0	0	29303360	0	0	29287605	0	0	/aa17.php
1	0	0	0	8	0	0	29243242	0	0	29242429	0	/web/wp-includes/wlwmanifest.xml
1	0	0	0	1	0	0	29245875	0	0	29245875	0	/.settings/
1	0	0	0	2	0	0	29249477	0	0	29248866	0	/new/.env.staging
1	0	0	1	0	0	29294533	0	0	29294533	0	0	/wp-admin/install.php?step=1
1	0	0	4	0	0	29303361	0	0	29287605	0	0	/mo.php
1	0	0	0	5	0	0	29247925	0	0	29246275	0	/settings.json
1	0	0	0	2	0	0	29249477	0	0	29248867	0	/.env_sample
1	0	0	0	1	0	0	29245875	0	0	29245875	0	/database/seeders/
1	0	0	0	2	0	0	29276345	0	0	29276017	0	/fm.php?p=
1	0	0	1	0	0	29310378	0	0	29310378	0	0	/sh3ll.php
1	0	0	2	0	0	29296614	0	0	29295199	0	0	/file4.php
1	0	0	0	5	0	0	29255421	0	0	29245875	0	/.env.prod
1	1	0	0	0	29241027	0	0	29241027	0	0	8	/i9Uk2WYz5Car0mUczpN5.php
1	0	0	3	0	0	29290944	0	0	29287605	0	0	/shell20250630.php
1	0	0	1	0	0	29296614	0	0	29296614	0	0	/filesss.php
1	0	0	1	0	0	29295199	0	0	29295199	0	0	/qfile.php
1	0	0	0	1	0	0	29245875	0	0	29245875	0	/wp-config-sample.php
1	0	0	0	5	0	0	29255421	0	0	29245875	0	/admin/.env
1	0	0	0	3	0	0	29243073	0	0	29242718	0	/v1/.env
1	0	0	2	0	0	29310378	0	0	29296614	0	0	/wp-freya.php
1	0	0	7	5	0	29310378	29285867	0	29287604	29276017	0	/gmo.php
1	0	0	0	2	0	0	29276345	0	0	29276017	0	/xx.php
1	0	0	4	2	0	29296614	29276345	0	29287605	29276017	0	/atomlib.php
1	0	0	0	3	0	0	29241146	0	0	29241146	0	/?rest_route=/wp/v2/users/
1	0	0	1	0	0	29289438	0	0	29289438	0	0	/tech5pr.php
1	0	0	0	3	0	0	29241146	0	0	29241146	0	/_all_dbs
1	0	0	1	0	0	29296614	0	0	29296614	0	0	/fs.php
1	0	0	1	0	0	29295198	0	0	29295198	0	0	/afile.php
1	0	0	0	5	0	0	29285867	0	0	29276017	0	/class20.php
1	0	0	0	2	0	0	29249477	0	0	29248867	0	/config.env
1	0	0	0	2	0	0	29249477	0	0	29248866	0	/backend/config/settings.yml
1	0	0	0	6	0	0	29255421	0	0	29242718	0	/server/.env
1	51	0	0	0	29251087	0	0	29241246	0	0	5740	/snd_otp.php
1	0	0	1	0	0	29296614	0	0	29296614	0	0	/vast.php
1	0	0	0	2	0	0	29276345	0	0	29276017	0	/wp-admin/maint/maint.php
1	0	0	3	0	0	29310378	0	0	29295198	0	0	/031.php
1	0	0	0	2	0	0	29249477	0	0	29248866	0	/api/config.js
1	0	0	1	0	0	29310379	0	0	29310379	0	0	/img/dot.php
1	0	0	1	0	0	29305713	0	0	29305713	0	0	/post/21/%D8%B9%DA%A9%D8%B3%DB%8C-%D8%A7%D8%B2-%D9%88%D8%B5%DB%8C%D8%AA-%D9%86%D8%A7%D9%85%D9%87-%D9%85%D8%B1%D8%AA%D8%B6%DB%8C-%D9%BE%D8%A7%D8%B4%D8%A7%DB%8C%DB%8C.html
1	0	0	0	1	0	0	29245875	0	0	29245875	0	/yarn.lock
1	0	0	2	0	0	29296614	0	0	29289439	0	0	/wp-includes/certificates/plugins.php
1	0	0	0	2	0	0	29249477	0	0	29248866	0	/user/controllers/index.js
1	0	0	5	141	0	29307416	29301745	0	29290652	29241043	0	/favicon.ico
1	0	0	2	0	0	29289438	0	0	29287606	0	0	/cbgd.php
1	0	0	2	0	0	29289438	0	0	29287605	0	0	/lupo.php
1	3	3	0	0	29241301	0	0	29241299	0	0	4226	/about.html
1	0	0	0	6	0	0	29243073	0	0	29242718	0	/info
1	0	0	0	8	0	0	29243242	0	0	29242429	0	/xmlrpc.php?rsd
1	0	0	0	5	0	0	29247925	0	0	29246275	0	/.output/server/.env
1	0	0	0	3	0	0	29243073	0	0	29242718	0	/html/.env
1	0	0	1	0	0	29295199	0	0	29295199	0	0	/ilex2.php
1	0	0	1	4	0	29303361	29280524	0	29303361	29276017	0	/goods.php
1	0	0	0	10	0	0	29255421	0	0	29245875	0	/api/.env
1	0	0	0	8	0	0	29255421	0	0	29242718	0	/backend/.env
1	0	0	0	2	0	0	29276345	0	0	29276017	0	/chosen.php
1	0	0	0	1	0	0	29250926	0	0	29250926	0	/tag/%D8%AD%D8%A7%D9%84+%D9%88+%D9%87%D9%88%D8%A7%DB%8C+%D8%AF%D8%B1%D8%A8%DB%8C
1	0	0	1	0	0	29289438	0	0	29289438	0	0	/qil.php
1	0	0	2	0	0	29296614	0	0	29295199	0	0	/eauu.php
1	0	0	1	0	0	29295199	0	0	29295199	0	0	/ppsu.php
1	0	0	3	0	0	29290943	0	0	29287605	0	0	/loli.php
1	0	0	1	0	0	29295199	0	0	29295199	0	0	/file16.php
1	0	0	3	0	0	29294077	0	0	29286003	0	0	/cgi-sys/favicon.ico
1	0	0	0	2	0	0	29243629	0	0	29243140	0	/api/users
1	0	0	3	0	0	29290943	0	0	29287605	0	0	/algox.php
1	0	0	2	0	0	29289438	0	0	29287606	0	0	/wp-trackback.php
1	0	0	0	2	0	0	29276345	0	0	29276017	0	/bypass.php
1	0	0	0	3	0	0	29243073	0	0	29242718	0	/phpinfo.phtml
1	5	0	0	0	29241146	0	0	29241146	0	0	435	/.well-known/acme-challenge/XDurGItP4-DjR4S95SyIKMKv0pa6Ow-Ozs-VJh5P4KM
1	0	0	0	1	0	0	29245875	0	0	29245875	0	/var/log/nginx/error.log
1	0	0	0	1	0	0	29245875	0	0	29245875	0	/application/config/database.php
1	0	0	0	2	0	0	29249477	0	0	29248866	0	/helper/EmailHelper.js
1	1	1	0	0	29246817	0	0	29246817	0	0	1461	/New Text Document.html
1	0	0	0	8	0	0	29255421	0	0	29245875	0	/secrets.json
1	0	0	2	5	0	29289438	29247925	0	29287606	29246275	0	/php.php
1	0	0	2	0	0	29289438	0	0	29287606	0	0	/in.php
1	0	0	0	2	0	0	29249477	0	0	29248866	0	/my_env/palash.py
1	0	0	0	2	0	0	29249477	0	0	29248866	0	/server/config/database.js
1	0	0	1	0	0	29295199	0	0	29295199	0	0	/errorfile.php
1	0	0	3	0	0	29290943	0	0	29287605	0	0	/zasd.php
1	0	0	2	0	0	29310378	0	0	29295199	0	0	/gifclass4.php
1	0	0	0	1	0	0	29245875	0	0	29245875	0	/storage/framework/views/
1	0	0	0	8	0	0	29255421	0	0	29245875	0	/.env.dev
1	0	0	0	2	0	0	29249477	0	0	29248865	0	/main/.env
1	0	0	0	7	0	0	29246616	0	0	29243140	0	/_profiler/phpinfo.php
1	0	0	1	0	0	29295199	0	0	29295199	0	0	/lfile.php
1	0	0	0	2	0	0	29249477	0	0	29248866	0	/config/settings.prod
1	0	0	0	5	0	0	29255421	0	0	29245875	0	/config/aws.yml
1	1	0	0	0	29292058	0	0	29292058	0	0	3897	http://www.duneh.ir/cgi-sys/suspendedpage.cgi
1	0	0	8	5	0	29310378	29285867	0	29287604	29276017	0	/wp-content/plugins/hellopress/wp_filemanager.php
1	0	0	0	5	0	0	29247925	0	0	29246275	0	/config/production.json
1	0	0	1	0	0	29295199	0	0	29295199	0	0	/file11.php
1	0	0	0	3	0	0	29270275	0	0	29248866	0	/admin/config
1	8	8	0	0	29251087	0	0	29249890	0	0	15786	/confirmpassword.html
1	0	0	0	2	0	0	29276345	0	0	29276017	0	/ww.php
1	0	0	3	0	0	29296614	0	0	29290235	0	0	/mnkalo.php
1	0	0	0	1	0	0	29245875	0	0	29245875	0	/.env.*.local
1	0	0	0	1	0	0	29245875	0	0	29245875	0	/database/migrations/
1	0	0	2	0	0	29310378	0	0	29310378	0	0	/wp-aaa.php
1	0	0	3	0	0	29290944	0	0	29287605	0	0	/w3llstore.php
1	0	0	1	0	0	29296614	0	0	29296614	0	0	/usep.php
1	0	0	0	2	0	0	29249477	0	0	29248866	0	/my_env/newsletter.py
1	0	0	0	3	0	0	29243073	0	0	29242718	0	/env
1	0	0	3	0	0	29310378	0	0	29295199	0	0	/lala.php
1	0	0	0	3	0	0	29255421	0	0	29245875	0	/backup.zip
1	0	0	0	2	0	0	29249477	0	0	29248866	0	/debug/default/view
1	0	0	0	2	0	0	29276345	0	0	29276017	0	/qing.php
1	0	0	0	1	0	0	29245875	0	0	29245875	0	/.htaccess
1	0	0	0	7	0	0	29249477	0	0	29246275	0	/index.js
1	0	0	0	2	0	0	29249477	0	0	29248866	0	/application/.env
1	0	0	1	0	0	29310379	0	0	29310379	0	0	/broken.php
1	0	0	0	5	0	0	29247925	0	0	29246275	0	/.next/static/env.js
1	0	0	0	2	0	0	29249477	0	0	29248867	0	/.circleci/configs/development.yml
1	0	0	2	0	0	29289438	0	0	29287606	0	0	/disagreop.php
1	0	0	1	2	0	29299673	29262791	0	29299673	29242641	0	/wp-login.php
1	0	0	3	0	0	29310379	0	0	29295199	0	0	/cccc.php
1	0	0	0	3	0	0	29255421	0	0	29245875	0	/secrets.yml
1	0	0	0	5	0	0	29247925	0	0	29246275	0	/phpinf.php
1	0	0	0	2	0	0	29249477	0	0	29248867	0	/apis/config/config.js
1	2	2	0	0	29249477	0	0	29248866	0	0	5312	/?phpinfo=1
1	0	0	1	0	0	29295199	0	0	29295199	0	0	/fe7.php
1	0	0	1	0	0	29295199	0	0	29295199	0	0	/wfile.php
1	0	0	2	0	0	29290944	0	0	29290235	0	0	/alf4.php
1	0	0	2	0	0	29289438	0	0	29287606	0	0	/aucxcocoxo.php
1	0	0	0	5	0	0	29247925	0	0	29246275	0	/serverinfo.php
1	0	0	0	3	0	0	29243073	0	0	29242718	0	/Booking/Default.aspx
1	0	0	0	2	0	0	29249477	0	0	29248866	0	/p.php
1	0	0	0	2	0	0	29249477	0	0	29248866	0	/new/.env.production
1	0	0	0	3	0	0	29255421	0	0	29245875	0	/.env.test
1	0	0	0	3	0	0	29243073	0	0	29242718	0	/api/src/.env
1	0	0	4	0	0	29296614	0	0	29287605	0	0	/yasnu.php
1	0	0	1	0	0	29303360	0	0	29303360	0	0	/akc.php
1	0	0	3	0	0	29303360	0	0	29295198	0	0	/gfile.php
1	0	0	1	0	0	29303361	0	0	29303361	0	0	/public/wsr2.php
1	0	0	0	1	0	0	29245875	0	0	29245875	0	/includes/config.php
1	0	0	0	2	0	0	29276345	0	0	29276017	0	/11.php
1	0	0	1	0	0	29310379	0	0	29310379	0	0	/alpa.php
1	0	0	3	0	0	29290943	0	0	29287605	0	0	/racs3.php
1	0	0	0	5	0	0	29249477	0	0	29242718	0	/appsettings.json
1	0	0	0	3	0	0	29255421	0	0	29245875	0	/config/config.env
1	0	0	0	2	0	0	29249477	0	0	29248866	0	/partner/config/config.js
1	0	0	4	0	0	29310378	0	0	29295198	0	0	/ilex.php
1	0	0	0	5	0	0	29249477	0	0	29242718	0	/portal/.env
1	12	12	0	0	29247065	0	0	29246837	0	0	26494	/?
1	0	0	2	0	0	29290944	0	0	29290235	0	0	/xpass.php
1	0	0	0	2	0	0	29249477	0	0	29248866	0	/config/constants.js
1	0	0	0	5	0	0	29255421	0	0	29245875	0	/.env.old
1	0	0	1	0	0	29295199	0	0	29295199	0	0	/fe2.php
1	0	0	0	5	0	0	29247925	0	0	29246275	0	/secure-config.json
1	0	0	0	8	0	0	29270276	0	0	29246275	0	/main.js
1	0	0	7	0	0	29310379	0	0	29287605	0	0	/CLA.php
1	0	0	0	3	0	0	29255421	0	0	29245875	0	/.idea/workspace.xml
1	0	0	0	2	0	0	29249477	0	0	29248866	0	/api/config/config.yml
1	0	0	2	0	0	29289438	0	0	29287606	0	0	/aucxzso.php
1	0	0	3	0	0	29290943	0	0	29287605	0	0	/sxb.php
1	0	0	1	0	0	29310379	0	0	29310379	0	0	/tiny.php
1	0	0	1	0	0	29295199	0	0	29295199	0	0	/k.php
1	0	0	0	3	0	0	29255421	0	0	29245875	0	/docker-compose.override.yml
1	0	0	0	4	0	0	29245875	0	0	29242718	0	/wp-config.php
1	0	0	0	7	0	0	29249477	0	0	29246275	0	/application.properties
1	0	0	0	2	0	0	29249477	0	0	29248865	0	/core/.env
1	0	0	5	0	0	29310379	0	0	29287605	0	0	/520.php
1	0	0	1	0	0	29289438	0	0	29289438	0	0	/C1.php
1	0	0	2	1	0	29289438	29285867	0	29287606	29285867	0	/new.php
1	0	0	0	2	0	0	29249477	0	0	29248866	0	/my_env/chakaash.py
1	0	0	0	18	0	0	29255421	0	0	29241146	0	/config.json
1	0	0	0	2	0	0	29249477	0	0	29248866	0	/main.yml
1	0	0	0	3	0	0	29241146	0	0	29241146	0	/about
1	0	0	1	0	0	29310378	0	0	29310378	0	0	/anskrit.php
1	0	0	3	0	0	29290943	0	0	29287604	0	0	/testas.php
1	0	0	0	20	0	0	29249477	0	0	29241146	0	/info.php
1	0	0	3	0	0	29290943	0	0	29287605	0	0	/resp.php
1	0	0	2	0	0	29289439	0	0	29287604	0	0	/huda.php
1	0	0	2	0	0	29296614	0	0	29295199	0	0	/file6.php
1	0	0	3	0	0	29290943	0	0	29287605	0	0	/yep.php
1	0	0	0	1	0	0	29258410	0	0	29258410	0	/cat/21
1	0	0	0	1	0	0	29282755	0	0	29282755	0	/login
1	0	0	0	2	0	0	29249477	0	0	29248866	0	/api/shared/config/config.env
1	0	0	1	0	0	29295199	0	0	29295199	0	0	/rfile.php
1	1	0	0	0	29294533	0	0	29294533	0	0	7757	/cgi-sys/suspendedpage.cgi?step=1
1	0	0	3	5	0	29296613	29285867	0	29289438	29276017	0	/error.php
1	2	0	0	0	29300496	0	0	29291913	0	0	8464	/cgi-sys/suspendedpage.cgi?43.134.141.244
1	3	0	0	0	29299122	0	0	29290430	0	0	12361	/cgi-sys/suspendedpage.cgi?46.228.199.158
1	0	0	2	0	0	29290944	0	0	29290235	0	0	/10266.php
1	0	0	1	0	0	29296614	0	0	29296614	0	0	/444.php
1	0	0	0	1	0	0	29245875	0	0	29245875	0	/php_error_log
1	0	0	0	2	0	0	29276345	0	0	29276017	0	/size.php
1	0	0	0	2	0	0	29249477	0	0	29248866	0	/server-info
1	0	0	2	0	0	29290944	0	0	29290235	0	0	/abt.php
1	0	0	0	1	0	0	29245875	0	0	29245875	0	/.php.ini
1	0	0	0	3	0	0	29241146	0	0	29241146	0	/ecp/Current/exporttool/microsoft.exchange.ediscovery.exporttool.application
1	0	0	0	5	0	0	29247925	0	0	29246275	0	/pinfo.php
1	0	0	3	0	0	29290943	0	0	29287605	0	0	/tox.php
1	0	0	0	1	0	0	29245453	0	0	29245453	0	/sitemap.xml?188.166.7.63
1	0	0	1	0	0	29295198	0	0	29295198	0	0	/bfile.php
1	0	0	0	1	0	0	29245875	0	0	29245875	0	/composer.json
1	0	0	0	3	0	0	29243073	0	0	29242718	0	/backend
1	0	0	1	0	0	29289438	0	0	29289438	0	0	/tesla.php
1	0	0	0	1	0	0	29245875	0	0	29245875	0	/composer.lock
1	0	0	0	6	0	0	29255421	0	0	29242718	0	/logs/app.log
1	0	0	2	4	0	29289438	29245875	0	29287606	29242718	0	/config.php
1	0	0	0	3	0	0	29241146	0	0	29241146	0	/server
1	0	0	1	0	0	29310379	0	0	29310379	0	0	/00.php
1	0	0	0	3	0	0	29255421	0	0	29245875	0	/.git-credentials
1	0	0	3	2	0	29296614	29276345	0	29287606	29276017	0	/goat.php
1	0	0	0	2	0	0	29276345	0	0	29276017	0	/a1.php
1	0	0	3	0	0	29303361	0	0	29295199	0	0	/file1.php
1	0	0	2	0	0	29289438	0	0	29287606	0	0	/asasx.php
1	0	0	0	2	0	0	29249477	0	0	29248865	0	/server-info.php
1	0	0	0	2	0	0	29249477	0	0	29248867	0	/configs/s3_config.json
1	0	0	0	2	0	0	29249477	0	0	29248866	0	/node-api/.env
1	0	0	0	1	0	0	29245875	0	0	29245875	0	/.classpath
1	0	0	3	0	0	29290943	0	0	29287605	0	0	/karak.php
1	0	0	1	0	0	29310379	0	0	29310379	0	0	/cjfuns.php
1	0	0	1	0	0	29310378	0	0	29310378	0	0	/cabs.php
1	0	0	2	0	0	29296614	0	0	29295199	0	0	/file18.php
1	0	0	3	0	0	29290943	0	0	29287605	0	0	/89.php
1	0	0	0	1	0	0	29245875	0	0	29245875	0	/storage/framework/sessions/
1	0	0	0	2	0	0	29249477	0	0	29248866	0	/api/shared/.env
1	0	0	0	3	0	0	29255421	0	0	29245875	0	/docker-compose.prod.yml
1	0	0	0	4	0	0	29276345	0	0	29276017	0	/wp-mn.php
1	0	0	1	0	0	29306221	0	0	29306221	0	0	/post/62/?43.134.141.244
1	0	0	0	10	0	0	29249477	0	0	29242718	0	/phpinfo
1	0	0	2	0	0	29290944	0	0	29290235	0	0	/wp-xrm.php
1	0	0	2	0	0	29289438	0	0	29287606	0	0	/wsback.php
1	0	0	2	0	0	29289438	0	0	29287605	0	0	/krypton.php
1	0	0	4	0	0	29303361	0	0	29287605	0	0	/gg.php
1	0	0	2	0	0	29290944	0	0	29290235	0	0	/nbm.php
1	0	0	4	0	0	29296614	0	0	29287605	0	0	/bolt.php
1	0	0	3	0	0	29290943	0	0	29287605	0	0	/wp-cliner.php
1	0	0	0	2	0	0	29249477	0	0	29248865	0	/opt/aws/ses.env
1	1	0	0	0	29241146	0	0	29241146	0	0	64	/.well-known/acme-challenge/ZRV4YU8E3_2KHTHUYJ-8D7XTT2B1E2EG
1	0	0	0	3	0	0	29255421	0	0	29245875	0	/dump.sql
1	0	0	0	1	0	0	29270275	0	0	29270275	0	/.gitconfig
1	0	0	0	5	0	0	29249477	0	0	29242718	0	/settings.py
1	0	0	1	0	0	29310378	0	0	29310378	0	0	/333.php
1	0	0	0	2	0	0	29249477	0	0	29248866	0	/config/settings.json
1	0	0	1	0	0	29295199	0	0	29295199	0	0	/mfile.php
1	0	0	0	2	0	0	29249477	0	0	29248866	0	/dashboard/phpinfo.php
1	0	0	1	0	0	29289438	0	0	29289438	0	0	/bizyqph.php
1	0	0	0	2	0	0	29249477	0	0	29248865	0	/env.backup
1	0	0	0	8	0	0	29243242	0	0	29242429	0	/cms/wp-includes/wlwmanifest.xml
1	0	0	0	2	0	0	29276345	0	0	29276017	0	/lite.php
1	0	0	2	0	0	29296614	0	0	29295199	0	0	/file13.php
1	0	0	0	5	0	0	29285867	0	0	29276017	0	/modules/mod_simplefileuploadv1.3/elements/filemanager.php
1	0	0	1	0	0	29303360	0	0	29303360	0	0	/xhouf.php
1	0	0	0	2	0	0	29249477	0	0	29248866	0	/getcpuutil.php-bakworking
1	0	0	0	2	0	0	29249477	0	0	29248866	0	/config/settings.local
1	0	0	2	0	0	29310379	0	0	29310378	0	0	/ioxi-o2.php
1	0	0	0	1	0	0	29245875	0	0	29245875	0	/db.php
1	0	0	0	15	0	0	29255421	0	0	29245875	0	/.env.bak
1	0	0	4	0	0	29296614	0	0	29290235	0	0	/class.1.php
1	0	0	1	0	0	29310378	0	0	29310378	0	0	/wp-admin/maint/index.php
1	0	0	0	3	0	0	29255421	0	0	29245875	0	/.vscode/settings.json
1	0	0	0	1	0	0	29245875	0	0	29245875	0	/*.tmp
1	0	0	0	2	0	0	29249477	0	0	29248865	0	/logs/aws/ses.log
1	0	0	0	2	0	0	29249477	0	0	29248866	0	/new/.env
1	0	0	3	0	0	29290943	0	0	29287605	0	0	/nope.php
1	0	0	26	47	0	29310473	29285440	0	29286410	29241325	0	/robots.txt
1	0	0	0	2	0	0	29249477	0	0	29248865	0	/.env.sample
1	0	0	3	0	0	29290943	0	0	29287605	0	0	/mjq.php
1	0	0	2	0	0	29296614	0	0	29295199	0	0	/hexx.php
1	0	0	6	0	0	29290944	0	0	29287604	0	0	/vxrl.php
1	0	0	0	2	0	0	29249477	0	0	29248866	0	/nginx/.env
1	0	0	0	2	0	0	29249477	0	0	29248866	0	/aws-secret.yaml
1	0	0	1	0	0	29289438	0	0	29289438	0	0	/pkm.php
1	0	0	0	2	0	0	29249477	0	0	29248866	0	/public/.env
1	0	0	2	2	0	29290944	29276345	0	29290235	29276017	0	/ioxi-o.php
1	0	0	0	5	0	0	29247925	0	0	29246275	0	/index.php?=phpinfo()
1	0	0	1	0	0	29295199	0	0	29295199	0	0	/file404.php
1	0	0	0	2	0	0	29249477	0	0	29248866	0	/secured/phpinfo.php
1	0	0	0	3	0	0	29255421	0	0	29245875	0	/logs/debug.log
1	0	0	0	3	0	0	29255421	0	0	29245875	0	/storage/logs/error.log
1	0	0	1	0	0	29296614	0	0	29296614	0	0	/zc-749.php
1	0	0	1	0	0	29295199	0	0	29295199	0	0	/fe9.php
1	0	0	0	2	0	0	29276345	0	0	29276017	0	/k90.php
1	0	0	0	5	0	0	29247925	0	0	29246275	0	/sysinfo.php
1	0	0	0	8	0	0	29243242	0	0	29242429	0	/sito/wp-includes/wlwmanifest.xml
1	0	0	0	2	0	0	29249477	0	0	29248866	0	/swagger.json
1	0	0	0	2	0	0	29276345	0	0	29276017	0	/cf.php
1	0	0	1	0	0	29295199	0	0	29295199	0	0	/xfile.php
1	5	0	0	1	29241146	0	29241153	29241146	0	29241153	435	/.well-known/acme-challenge/qWsdElt8E4ExCwR1hFIeuhjkiCzhUl_23UFf5EPqcLk
1	0	0	0	2	0	0	29249477	0	0	29248866	0	/config/env
1	0	0	3	0	0	29290943	0	0	29287605	0	0	/elf.php
1	0	0	1	0	0	29310379	0	0	29310379	0	0	/thai.php
1	0	0	0	1	0	0	29266512	0	0	29266512	0	/settings.js
1	0	0	3	0	0	29310378	0	0	29296614	0	0	/222.php
1	0	0	0	2	0	0	29249477	0	0	29248866	0	/blog.env
1	0	0	2	0	0	29290944	0	0	29290235	0	0	/ff.php
1	0	0	1	0	0	29310378	0	0	29310378	0	0	/class-wp.php
1	0	0	1	0	0	29289438	0	0	29289438	0	0	/rjv.php
1	0	0	0	5	0	0	29247925	0	0	29246275	0	/config.old.php
1	0	0	3	0	0	29290943	0	0	29287605	0	0	/bypltspd.php
1	0	0	0	3	0	0	29243073	0	0	29242718	0	/%c0
1	0	0	1	0	0	29303360	0	0	29303360	0	0	/wander.php
1	0	0	3	0	0	29290943	0	0	29287605	0	0	/wp-xm.php
1	0	0	1	0	0	29295198	0	0	29295198	0	0	/hfile.php
1	0	0	4	0	0	29296614	0	0	29290235	0	0	/gfile1.php
1	0	0	1	0	0	29289439	0	0	29289439	0	0	/wp-content/plugins/index.php
1	0	0	3	0	0	29290943	0	0	29287605	0	0	/ma1.php
1	1	1	0	0	29241299	0	0	29241299	0	0	2389	/Complaints.html
1	0	0	0	5	0	0	29255421	0	0	29245875	0	/config/config.json
1	0	0	1	0	0	29303360	0	0	29303360	0	0	/acxx.php
1	0	0	3	0	0	29296614	0	0	29287606	0	0	/autoload_classmap.php
1	0	0	0	8	0	0	29243242	0	0	29242429	0	/wordpress/wp-includes/wlwmanifest.xml
1	0	0	5	2	0	29310379	29276345	0	29287605	29276017	0	/13.php
1	0	0	0	5	0	0	29255421	0	0	29245875	0	/.env.stage
1	0	0	0	2	0	0	29249477	0	0	29248865	0	/lara/info.php
1	0	0	4	4	0	29295199	29276345	0	29287605	29276017	0	/css.php
1	0	0	0	3	0	0	29243073	0	0	29242718	0	/wp-content/debug.log
1	0	0	1	0	0	29310378	0	0	29310378	0	0	/gif.php
1	0	0	1	0	0	29310378	0	0	29310378	0	0	/3406.php
1	0	0	0	15	0	0	29255421	0	0	29242718	0	/docker-compose.yml
1	0	0	0	5	0	0	29247925	0	0	29246275	0	/.next/static/development/pages/.env
1	0	0	0	1	0	0	29245875	0	0	29245875	0	/.dockerignore
1	0	0	1	7	0	29290652	29278086	0	29290652	29243247	0	/sitemap.xml
1	0	0	0	1	0	0	29245875	0	0	29245875	0	/Gemfile
1	0	0	0	1	0	0	29245875	0	0	29245875	0	/config/config.php
1	0	0	0	3	0	0	29241146	0	0	29241146	0	/s/0363e2437313e283e2538313/_/
1	0	0	5	0	0	29296614	0	0	29287605	0	0	/jmfi2.php
1	0	0	1	0	0	29295199	0	0	29295199	0	0	/fe4.php
1	0	0	0	2	0	0	29276345	0	0	29276017	0	/7.php
1	0	0	0	1	0	0	29245875	0	0	29245875	0	/application/config/config.php
1	0	0	4	2	0	29296614	29276345	0	29287606	29276017	0	/file32.php
1	0	0	1	0	0	29310378	0	0	29310378	0	0	/as.php
1	0	0	0	1	0	0	29244090	0	0	29244090	0	/files.php
1	0	0	1	0	0	29296614	0	0	29296614	0	0	/zex4.php
1	760	0	0	0	29301411	0	0	29286003	0	0	5465726	/cgi-sys/suspendedpage.cgi
1	0	0	0	2	0	0	29285836	0	0	29285836	0	/filemanager
1	0	0	3	0	0	29290944	0	0	29287605	0	0	/trd.php
1	2	0	0	0	29247020	0	0	29246817	0	0	468064	/Logo.svg
1	0	0	0	2	0	0	29276345	0	0	29276017	0	/zews.php
1	0	0	0	2	0	0	29249477	0	0	29248866	0	/public/js/main.js
1	0	0	0	2	0	0	29249477	0	0	29248866	0	/nextjs-app/.env
1	0	0	1	0	0	29310379	0	0	29310379	0	0	/simp.php
1	0	0	0	2	0	0	29249477	0	0	29248865	0	/wp-config.php.bak
1	0	0	0	2	0	0	29249477	0	0	29248866	0	/helper.js
1	0	0	0	2	0	0	29249477	0	0	29248866	0	/app/config/parameters.yml
1	0	0	0	2	0	0	29276345	0	0	29276017	0	/111.php
1	4	4	5	0	29283059	29303360	0	29271738	29286003	0	9896	/?43.134.141.244
1	5	5	4	0	29284468	29304820	0	29272905	29287557	0	12370	/?46.228.199.158
1	0	0	1	0	0	29295199	0	0	29295199	0	0	/file8.php
1	0	0	0	2	0	0	29249477	0	0	29248866	0	/vendor/.env
1	0	0	3	0	0	29303361	0	0	29290235	0	0	/r4f_1.php
1	0	0	1	0	0	29295199	0	0	29295199	0	0	/sfile.php
1	0	0	2	0	0	29289438	0	0	29287606	0	0	/inputs.php
1	0	0	1	2	0	29310379	29276345	0	29310379	29276017	0	/2.php
1	0	0	2	0	0	29289438	0	0	29287604	0	0	/bu10r7.php
1	0	0	0	8	0	0	29255421	0	0	29242718	0	/app/.env
1	0	0	0	5	0	0	29247925	0	0	29246275	0	/next.config.js
1	0	0	2	0	0	29289438	0	0	29287606	0	0	/zadad4dadad1.php
1	0	0	2	0	0	29303361	0	0	29296614	0	0	/an.php
1	0	0	0	2	0	0	29249477	0	0	29248866	0	/myproject/.env
1	0	0	0	8	0	0	29249477	0	0	29243140	0	/_phpinfo.php
1	0	0	0	2	0	0	29249477	0	0	29248866	0	/cloud/Scraper.js
1	0	0	0	1	0	0	29270275	0	0	29270275	0	/.git/refs/heads/main
1	0	0	1	2	0	29303360	29276345	0	29303360	29276017	0	/ee.php
1	0	0	1	0	0	29295199	0	0	29295199	0	0	/claa.php
1	0	0	1	0	0	29310378	0	0	29310378	0	0	/classgoto24.php
1	0	0	0	2	0	0	29249477	0	0	29248866	0	/site/.env
1	0	0	0	1	0	0	29245875	0	0	29245875	0	/requirements.txt
1	0	0	5	0	0	29303360	0	0	29287606	0	0	/cfile.php
1	0	0	0	2	0	0	29276345	0	0	29276017	0	/pepe.php
1	0	0	0	2	0	0	29249477	0	0	29248866	0	/xampp/phpinfo.php
1	0	0	0	3	0	0	29243073	0	0	29242718	0	/api/info
1	0	0	0	5	0	0	29249477	0	0	29242718	0	/mail/.env
1	0	0	0	1	0	0	29245875	0	0	29245875	0	/Gemfile.lock
1	0	0	0	2	0	0	29276345	0	0	29276017	0	/02.php
1	0	0	1	0	0	29296614	0	0	29296614	0	0	/gee.php
1	0	0	0	1	0	0	29249477	0	0	29249477	0	/.envs/.production/.django
1	0	0	0	1	0	0	29266512	0	0	29266512	0	/admin.js
1	0	0	1	0	0	29296614	0	0	29296614	0	0	/we2.php
1	0	0	0	3	0	0	29243073	0	0	29242718	0	/api
1	0	0	2	0	0	29296614	0	0	29295199	0	0	/file3.php
1	0	0	3	0	0	29290943	0	0	29287604	0	0	/shorw.php
1	0	0	0	2	0	0	29276345	0	0	29276017	0	/geck.php
1	5	0	0	0	29241146	0	0	29241146	0	0	435	/.well-known/acme-challenge/FfKoYvlvoYVqwpdeJv3UxnhjhVYYRpWD2xDb9zyEfAM
1	0	0	2	0	0	29310378	0	0	29310378	0	0	/te.php
1	0	0	1	0	0	29310379	0	0	29310379	0	0	/push.php
1	0	0	0	1	0	0	29245875	0	0	29245875	0	/backup_*.sql
1	0	0	1	0	0	29310378	0	0	29310378	0	0	/klex.php
1	0	0	5	5	0	29310378	29285867	0	29287606	29276017	0	/we.php
1	0	0	1	0	0	29310378	0	0	29310378	0	0	/file21.php
1	0	0	0	2	0	0	29249477	0	0	29248866	0	/local/.env
1	0	0	0	1	0	0	29270275	0	0	29270275	0	/.git/refs/heads/master
1	0	0	1	0	0	29303360	0	0	29303360	0	0	/filei.php
1	0	0	0	2	0	0	29249477	0	0	29248866	0	/config/secrets.json
1	0	0	3	0	0	29290943	0	0	29287604	0	0	/H.php
1	0	0	0	2	0	0	29276345	0	0	29276017	0	/13k.php
1	0	0	1	0	0	29303360	0	0	29303360	0	0	/gold.php
1	0	0	1	0	0	29301370	0	0	29301370	0	0	/contact
1	0	0	0	1	0	0	29245875	0	0	29245875	0	/.htpasswd
1	0	0	4	5	0	29296614	29285867	0	29287606	29276017	0	/abcd.php
1	0	0	0	2	0	0	29249477	0	0	29248866	0	/web/.env
1	0	0	4	0	0	29296614	0	0	29287605	0	0	/new4.php
1	0	0	1	0	0	29310379	0	0	29310379	0	0	/030.php
1	0	0	0	8	0	0	29243242	0	0	29242429	0	/media/wp-includes/wlwmanifest.xml
1	0	0	1	0	0	29306218	0	0	29306218	0	0	/post/62/%DA%A9%D9%88%D8%AA%D8%A7%D9%87-%D8%AA%D8%B1%DB%8C%D9%86-%D9%BE%D8%B3%D8%B1-%D8%AC%D9%87%D8%A7%D9%86.html
1	0	0	2	0	0	29310378	0	0	29295199	0	0	/--.php
1	0	0	1	0	0	29310378	0	0	29310378	0	0	/com.php
1	0	0	0	2	0	0	29276345	0	0	29276017	0	/dev.php
1	0	0	4	0	0	29310378	0	0	29287604	0	0	/wpls.php
1	0	0	2	0	0	29289438	0	0	29287606	0	0	/temp.php
1	0	0	0	1	0	0	29245875	0	0	29245875	0	/database/database.sqlite
1	0	0	0	2	0	0	29249477	0	0	29248866	0	/react-app/.env.production
1	0	0	0	3	0	0	29243073	0	0	29242718	0	/pi.php
1	0	0	1	0	0	29289438	0	0	29289438	0	0	/wp-cont.php
1	0	0	4	0	0	29303360	0	0	29287605	0	0	/tcp.php
1	0	0	1	0	0	29310378	0	0	29310378	0	0	/365.php
1	0	0	1	0	0	29295199	0	0	29295199	0	0	/nfile.php
1	0	0	0	8	0	0	29243242	0	0	29242429	0	/website/wp-includes/wlwmanifest.xml
1	0	0	0	2	0	0	29249477	0	0	29248866	0	/conf/.env
1	0	0	0	1	0	0	29266512	0	0	29266512	0	/core.js
1	0	0	2	0	0	29310378	0	0	29295199	0	0	/file15.php
1	0	0	2	0	0	29290944	0	0	29290235	0	0	/async.php
1	0	0	0	3	0	0	29255421	0	0	29245875	0	/error.log
1	0	0	0	2	0	0	29249477	0	0	29248867	0	/static/js/main.141b0494.js
1	0	0	0	1	0	0	29270275	0	0	29270275	0	/.git/index
1	0	0	0	2	0	0	29249477	0	0	29248865	0	/.vscode/.env
1	0	0	0	5	0	0	29255421	0	0	29245875	0	/config.yml
1	0	0	0	2	0	0	29249477	0	0	29248865	0	/.AWS_/credentials
1	0	0	2	0	0	29290944	0	0	29290235	0	0	/volka.php
1	0	0	0	5	0	0	29247925	0	0	29246275	0	/php-version.php
1	0	0	0	5	0	0	29246616	0	0	29245856	0	/api/user
1	0	0	0	2	0	0	29276345	0	0	29276017	0	/mms.php
1	0	0	0	6	0	0	29243073	0	0	29242718	0	/internal/config
1	0	0	3	0	0	29296614	0	0	29289439	0	0	/.well-known/acme-challenge/about.php
1	0	0	0	2	0	0	29249477	0	0	29248866	0	/karma.conf.json
1	0	0	0	2	0	0	29249477	0	0	29248866	0	/laravel/info.php
1	0	0	0	1	0	0	29245875	0	0	29245875	0	/.npmrc
1	0	0	0	3	0	0	29255421	0	0	29245875	0	/.github/workflows/
1	0	0	0	5	0	0	29247925	0	0	29246275	0	/settings.bak
1	0	0	0	2	0	0	29249477	0	0	29248865	0	/kyc/.env
1	0	0	0	5	0	0	29247925	0	0	29246275	0	/api/settings.json
1	0	0	0	1	0	0	29245875	0	0	29245875	0	/web.config
1	0	0	0	3	0	0	29243073	0	0	29242718	0	/test/info.php
1	0	0	0	1	0	0	29270275	0	0	29270275	0	/.git/packed-refs
1	0	0	0	1	0	0	29245875	0	0	29245875	0	/settings.gradle
1	0	0	1	0	0	29310379	0	0	29310379	0	0	/wag.php
1	0	0	0	2	0	0	29276345	0	0	29276017	0	/124.php
1	0	0	0	1	0	0	29245875	0	0	29245875	0	/inc/config.php
1	0	0	2	2	0	29289438	29276345	0	29287606	29276017	0	/system_log.php
1	0	0	0	3	0	0	29243073	0	0	29242718	0	/api/login
1	2	0	0	0	29247020	0	0	29246817	0	0	3072	/login.css
1	0	0	1	0	0	29295199	0	0	29295199	0	0	/file10.php
1	1	1	0	0	29241299	0	0	29241299	0	0	784	/Contact Us.html
1	0	0	0	1	0	0	29245875	0	0	29245875	0	/configuration.php
1	0	0	0	10	0	0	29255421	0	0	29245875	0	/.aws/credentials
1	0	0	1	0	0	29310378	0	0	29310378	0	0	/ff2.php
1	0	0	1	0	0	29289438	0	0	29289438	0	0	/bq.php
1	0	0	1	0	0	29310379	0	0	29310379	0	0	/itil.php
1	0	0	1	0	0	29292058	0	0	29292058	0	0	http://www.duneh.ir/
1	0	0	1	0	0	29295199	0	0	29295199	0	0	/yfile.php
1	0	0	0	8	0	0	29270275	0	0	29241146	0	/.git/config
1	0	0	3	0	0	29296614	0	0	29287606	0	0	/dfre.php
1	0	0	0	2	0	0	29249477	0	0	29248865	0	/laravael/core/.env
1	0	0	0	1	0	0	29245875	0	0	29245875	0	/.user.ini
1	0	0	0	7	0	0	29246616	0	0	29243140	0	/api/v1/users
1	0	0	0	2	0	0	29249477	0	0	29248866	0	/new/.env.local
1	0	0	0	8	0	0	29243242	0	0	29242429	0	/blog/wp-includes/wlwmanifest.xml
1	0	0	0	1	0	0	29245875	0	0	29245875	0	/Procfile
1	1	0	0	0	29241146	0	0	29241146	0	0	64	/.well-known/acme-challenge/V7BA73NDKMZ8M3BO-HS_XXUTG4H_RAGH
1	0	0	1	0	0	29295198	0	0	29295198	0	0	/ifile.php
1	0	0	0	2	0	0	29250640	0	0	29250593	0	/security.txt
1	0	0	0	5	0	0	29247925	0	0	29246275	0	/api/keys
1	0	0	0	5	0	0	29247925	0	0	29246275	0	/.next/env
1	0	0	0	5	0	0	29247925	0	0	29246275	0	/application.yml
1	0	0	0	5	0	0	29247925	0	0	29246275	0	/phpv.php
1	0	0	1	0	0	29310378	0	0	29310378	0	0	/2clas.php
1	0	0	0	7	0	0	29246616	0	0	29243140	0	/_profiler/info.php
1	0	0	0	5	0	0	29247925	0	0	29246275	0	/database_old.json
1	0	0	0	10	0	0	29241233	0	0	29241193	0	/send_otp.php
1	0	0	0	2	0	0	29249477	0	0	29248866	0	/server.js
1	0	0	1	0	0	29302133	0	0	29302133	0	0	/about.php?action=p&api=p&path=p&token=
1	0	0	0	2	0	0	29249477	0	0	29248866	0	/api/shared/config/.env
1	0	0	0	3	0	0	29241146	0	0	29241146	0	/v2/_catalog
1	0	0	1	8	0	29287006	29255421	0	29287006	29242718	0	/.env.example
1	0	0	1	0	0	29295199	0	0	29295199	0	0	/fe6.php
1	0	0	2	0	0	29290944	0	0	29290235	0	0	/malo.php
1	0	0	0	2	0	0	29249477	0	0	29248865	0	/api/config.env
1	0	0	0	2	0	0	29249477	0	0	29248866	0	/mytest/astech_robot.js
1	0	0	3	0	0	29290944	0	0	29287605	0	0	/goh.php
1	0	0	0	2	0	0	29249477	0	0	29248866	0	/api/objects/codes.php.save
1	0	0	1	0	0	29289438	0	0	29289438	0	0	/ronjgvf.php
1	0	0	0	3	0	0	29255421	0	0	29245875	0	/.gitlab-ci.yml
1	0	0	0	2	0	0	29249477	0	0	29248866	0	/cron/.env
1	0	0	0	5	0	0	29247925	0	0	29246275	0	/api/config
1	0	0	1	1	0	29290804	29250549	0	29290804	29250549	0	/.well-known/security.txt
1	0	0	3	0	0	29290944	0	0	29287605	0	0	/as4AaPasd.php
1	0	0	3	0	0	29290943	0	0	29287605	0	0	/miansha.php
1	0	0	1	0	0	29303360	0	0	29303360	0	0	/lc.php
1	0	0	0	6	0	0	29243073	0	0	29242718	0	/debug.php
1	0	0	0	1	0	0	29245875	0	0	29245875	0	/app/config.php
1	0	0	1	0	0	29289438	0	0	29289438	0	0	/goup.php
1	0	0	0	2	0	0	29249477	0	0	29248866	0	/app_dev.php/_profiler/phpinfo
1	0	0	0	2	0	0	29249477	0	0	29248866	0	/s3.js
1	0	0	0	2	0	0	29249477	0	0	29248867	0	/server_info.php
1	0	0	3	0	0	29290943	0	0	29287605	0	0	/7wom.php
1	0	0	0	2	0	0	29276345	0	0	29276017	0	/10.php
1	0	0	0	2	0	0	29285836	0	0	29285836	0	/laravel-filemanager
1	0	0	0	2	0	0	29249477	0	0	29248865	0	/docker/app/.env
1	0	0	0	2	0	0	29249477	0	0	29248866	0	/wp-content/.env
1	0	0	0	1	0	0	29270275	0	0	29270275	0	/.git/logs/refs/heads/master
1	0	0	1	0	0	29295199	0	0	29295199	0	0	/fe10.php
1	0	0	0	1	0	0	29270275	0	0	29270275	0	/.git
1	0	0	0	2	0	0	29249477	0	0	29248865	0	/private/.env
1	0	0	0	5	0	0	29247925	0	0	29246275	0	/systeminfo.php
1	0	0	0	3	0	0	29243073	0	0	29242718	0	/platform/.env
1	0	0	0	2	0	0	29249477	0	0	29248866	0	/admin/controllers/merchant.js
1	0	0	0	2	0	0	29249477	0	0	29248867	0	/static/js/main.e85f7a37.js
1	0	0	1	0	0	29295199	0	0	29295199	0	0	/fe1.php
1	0	0	1	0	0	29295199	0	0	29295199	0	0	/tfile.php
1	0	0	0	1	0	0	29245875	0	0	29245875	0	/var/www/html/info.php
1	0	0	0	1	0	0	29245875	0	0	29245875	0	/sites/default/settings.php
1	0	0	0	3	0	0	29285867	0	0	29277992	0	/xc.php
1	0	0	2	0	0	29289438	0	0	29287605	0	0	/weo.php
1	0	0	2	0	0	29290944	0	0	29290235	0	0	/mtrje.php
1	0	0	0	2	0	0	29276345	0	0	29276017	0	/2x.php
1	0	0	0	1	0	0	29245875	0	0	29245875	0	/php.ini
1	0	0	0	1	0	0	29245875	0	0	29245875	0	/.yarnrc
1	0	0	0	3	0	0	29241146	0	0	29241146	0	/login.action
1	0	0	0	2	0	0	29249477	0	0	29248866	0	/awstats/.env
1	0	0	0	2	0	0	29249477	0	0	29248866	0	/api/shared/config.env
1	0	0	2	0	0	29289438	0	0	29287605	0	0	/jjzsijpj.php
1	0	0	0	1	0	0	29245875	0	0	29245875	0	/error_log
1	5	0	0	0	29241146	0	0	29241146	0	0	435	/.well-known/acme-challenge/-5f8vYGQZ7MX8DL2S93xndPvr6-bIXfdZnD8ybmrAis
1	0	0	0	8	0	0	29243242	0	0	29242429	0	/test/wp-includes/wlwmanifest.xml
1	7	7	0	1	29268617	0	29241043	29242511	0	29241043	22816	/?178.239.151.243
1	0	0	3	0	0	29310378	0	0	29295199	0	0	/file88.php
1	0	0	2	0	0	29290944	0	0	29290235	0	0	/upgrade.php
1	0	0	0	2	0	0	29258409	0	0	29255707	0	/robots.txt?188.166.7.63
1	0	0	2	0	0	29290944	0	0	29290235	0	0	/hg.php
1	0	0	1	0	0	29295198	0	0	29295198	0	0	/dfile.php
1	0	0	3	0	0	29290943	0	0	29287604	0	0	/gifclass.php
1	0	0	1	0	0	29310379	0	0	29310379	0	0	/aa18.php
1	0	0	0	5	0	0	29249477	0	0	29242718	0	/development/.env
1	0	0	1	2	0	29296614	29276345	0	29296614	29276017	0	/jp.php
1	378	378	157	19	29285668	29310406	29301761	29241180	29286070	29241146	1160726	/
1	0	0	0	2	0	0	29276345	0	0	29276017	0	/bless.php
1	0	0	1	0	0	29310378	0	0	29310378	0	0	/inde.php
1	0	0	3	0	0	29290943	0	0	29287604	0	0	/zcxb.php
1	0	0	0	1	0	0	29245875	0	0	29245875	0	/backup.sql
1	0	0	0	27	0	0	29270275	0	0	29242718	0	/.git/HEAD
1	0	0	1	0	0	29289438	0	0	29289438	0	0	/sarang.php
1	0	0	0	5	0	0	29255421	0	0	29245875	0	/apps/.env
1	0	0	0	1	0	0	29245875	0	0	29245875	0	/Pipfile
1	4	4	0	0	29270020	0	0	29249773	0	0	15424	/?188.166.7.63
1	0	0	1	0	0	29310379	0	0	29310379	0	0	/build.php
1	0	0	4	10	0	29310379	29285867	0	29287606	29276017	0	/pp.php
1	0	0	0	1	0	0	29261221	0	0	29261221	0	/.env?188.166.7.63
1	0	0	3	0	0	29290943	0	0	29287605	0	0	/reyna.php
1	0	0	0	8	0	0	29255421	0	0	29245875	0	/config/.env
1	0	0	3	7	0	29290944	29285867	0	29287605	29276017	0	/wp-gr.php
1	0	0	5	0	0	29296614	0	0	29287605	0	0	/file5.php
1	0	0	0	2	0	0	29276345	0	0	29276017	0	/asus.php
1	0	0	0	1	0	0	29252870	0	0	29252870	0	/login?188.166.7.63
1	0	0	5	0	0	29290944	0	0	29287605	0	0	/1a.php
1	0	0	0	3	0	0	29243073	0	0	29242718	0	/wp-config.php.orig
1	0	0	0	1	0	0	29274283	0	0	29274283	0	/tag/%D8%A8%D8%A7%D8%AF%DB%8C%DA%AF%D8%A7%D8%B1%D8%AF+%D8%A2%D8%B1%D9%85%DB%8C%D9%86+%D8%AA%D9%88%DB%8C+%D8%A7%D9%81+%D8%A7%D9%85
1	0	0	3	0	0	29290943	0	0	29287604	0	0	/MARIJUANA.php
1	0	0	1	0	0	29295199	0	0	29295199	0	0	/jjlin.php
1	0	0	0	1	0	0	29245875	0	0	29245875	0	/tmp/errors.log
1	0	0	0	1	0	0	29245875	0	0	29245875	0	/.env.testing
1	0	0	3	0	0	29290943	0	0	29287605	0	0	/6erg.php
1	0	0	3	0	0	29290943	0	0	29287605	0	0	/aaa.php
1	0	0	3	0	0	29303360	0	0	29287606	0	0	/num.php
1	0	0	0	2	0	0	29249477	0	0	29248866	0	/controller/api/post.js
1	0	0	1	0	0	29296614	0	0	29296614	0	0	/articles.php
1	0	0	0	8	0	0	29243242	0	0	29242429	0	/2018/wp-includes/wlwmanifest.xml
1	0	0	0	2	0	0	29249477	0	0	29248865	0	/prod/.env
1	0	0	0	2	0	0	29249477	0	0	29248867	0	/helpers/utility.js
1	0	0	0	1	0	0	29245875	0	0	29245875	0	/var/log/httpd/error_log
1	0	0	3	0	0	29290943	0	0	29287604	0	0	/orm.php
1	0	0	3	0	0	29290943	0	0	29287605	0	0	/note.php
1	0	0	0	1	0	0	29245875	0	0	29245875	0	/tmp/php.log
1	0	0	2	0	0	29289438	0	0	29287605	0	0	/dex.php
1	0	0	2	0	0	29310379	0	0	29310378	0	0	/vee.php
1	0	0	0	5	0	0	29249477	0	0	29242718	0	/dev/.env
1	0	0	1	0	0	29310379	0	0	29310379	0	0	/rrr.php
1	0	0	1	0	0	29303360	0	0	29303360	0	0	/ot.php
3	1	1	0	0	29245453	0	0	29245453	0	0	7960	https://66.115.183.156/
3	1	0	0	0	29292691	0	0	29292691	0	0	4232	http://www.duneh.ir/favicon.ico
3	1	1	0	0	29245453	0	0	29245453	0	0	7960	https://www.112video.ru/
3	3	0	0	5	29298841	0	29274259	29254394	0	29242923	7428	http://mail.duneh.ir/
3	0	0	1	0	0	29294077	0	0	29294077	0	0	http://mail.duneh.ir/cgi-sys/suspendedpage.cgi
3	130	15	1	87	29301172	29307416	29301745	29241181	29307416	29241043	170727	http://duneh.ir/
3	24	11	0	9	29247065	0	29247065	29246837	0	29246878	35970	http://duneh.ir/?
3	1	1	0	0	29245453	0	0	29245453	0	0	7960	https://sbc.dnaz.org/
3	1	1	0	7	29249976	0	29251087	29249976	0	29249890	2480	http://duneh.ir/confirmpassword.html
3	51	0	1	6	29301411	29306364	29265474	29241291	29306364	29241512	193708	http://www.duneh.ir/
3	0	0	1	0	0	29286003	0	0	29286003	0	0	http://www.duneh.ir/cgi-sys/suspendedpage.cgi
3	4	0	0	2	29247020	0	29247020	29246817	0	29246817	471136	http://duneh.ir/New Text Document.html
3	2	0	0	0	29290804	0	0	29290652	0	0	8672	http://mail.duneh.ir/favicon.ico
3	2	0	0	0	29299494	0	0	29290764	0	0	8464	http://duneh.ir/robots.txt
3	0	0	1	0	0	29286950	0	0	29286950	0	0	http://duneh.ir/cgi-sys/suspendedpage.cgi
3	1	0	0	0	29300077	0	0	29300077	0	0	4232	http://duneh.ir/ads.txt
3	0	0	0	1	0	0	29241301	0	0	29241301	0	http://duneh.ir/about.html
4	0	0	1	4	0	29303029	29301745	0	29303029	29301608	0	Mozilla/5.0 (Windows NT 10.0; rv:142.0) Gecko/20100101 Firefox/142.0
4	1	1	0	1	29278396	0	29274283	29278396	0	29274283	2135	Mozilla/5.0 (Linux; Android 6.0.1; Nexus 5X Build/MMB29P) AppleWebKit/537.36 (KHTML, like Gecko) Chrome/138.0.7204.183 Mobile Safari/537.36 (compatible; GoogleOther)
4	1	1	0	0	29272518	0	0	29272518	0	0	2474	Who.is Bot
4	138	90	97	1	29301402	29310406	29301761	29241297	29286070	29301761	427722	Mozilla/5.0 (iPhone; CPU iPhone OS 13_2_3 like Mac OS X) AppleWebKit/605.1.15 (KHTML, like Gecko) Version/13.0.3 Mobile/15E148 Safari/604.1
4	6	3	1	2	29291194	29291194	29244214	29244189	29291194	29244189	14776	Mozilla/5.0 (Macintosh; Intel Mac OS X 10_15_7) AppleWebKit/605.1.15 (KHTML, like Gecko) Version/17.4 Safari/605.1.15 (Applebot/0.1; +http://www.apple.com/go/applebot)
4	0	0	0	13	0	0	29265976	0	0	29260206	0	python-requests/2.32.4
4	49	40	13	0	29300189	29310204	0	29241831	29288352	0	138554	Mozilla/5.0 (Linux; Android 9; SM-G973F) AppleWebKit/537.36 (KHTML, like Gecko) Chrome/85.0.4183.81 Mobile Safari/537.36
4	2	1	1	0	29286767	29286767	0	29266838	29286767	0	6032	python-urllib3/2.2.3
4	3	0	0	0	29279078	0	0	29272420	0	0	4188	Mozilla/5.0 (Linux; Android 6.0.1; Nexus 5X Build/MMB29P) AppleWebKit/537.36 (KHTML, like Gecko) Chrome/139.0.7258.127 Mobile Safari/537.36 (compatible; Googlebot/2.1; +http://www.google.com/bot.html)
4	1	1	0	0	29285263	0	0	29285263	0	0	2474	Offline Explorer/2.5
4	1	0	0	0	29296867	0	0	29296867	0	0	4232	Mozilla/5.0 (Linux; Android 10; moto e(7) plus) AppleWebKit/537.36 (KHTML, like Gecko) Chrome/101.0.4951.41 Mobile Safari/537.36
4	1	1	0	0	29241263	0	0	29241263	0	0	2490	Mozilla/5.0 (Linux; Android 8.0.0; SM-G965U Build/R16NW) AppleWebKit/537.36 (KHTML, like Gecko) Chrome/63.0.3239.111 Mobile Safari/537.36
4	19	12	10	24	29295065	29306303	29282755	29243246	29290651	29243246	59762	Mozilla/5.0 (compatible; CensysInspect/1.1; +https://about.censys.io/)
4	0	0	0	1	0	0	29244724	0	0	29244724	0	axios/1.8.4
4	4	4	0	0	29268797	0	0	29241243	0	0	9935	Mozilla/5.0 (X11; Linux x86_64) AppleWebKit/537.36 (KHTML, like Gecko) Chrome/83.0.4103.97 Safari/537.36
4	0	0	2	0	0	29309012	0	0	29309012	0	0	Mozilla/5.0 (iPhone; CPU iPhone OS 17_3_1 like Mac OS X) AppleWebKit/605.1.15 (KHTML, like Gecko) Version/17.3.1 Mobile/15E148 Safari/604
4	1	0	0	0	29263499	0	0	29263499	0	0	1396	Mozilla/5.0 AppleWebKit/537.36 (KHTML, like Gecko; compatible; Googlebot/2.1; +http://www.google.com/bot.html) Chrome/138.0.7204.183 Safari/537.36
4	1	0	1	0	29292058	29292058	0	29292058	29292058	0	3897	Mozilla/5.0 (Windows NT 10.0; Win64; x64) AppleWebKit/537.36 (KHTML, like Gecko) Chrome/121.0.0.0 Safari/537.36 Edg/121.0.0.0
4	15	4	13	17	29299908	29310473	29285440	29263499	29286410	29241325	51407	Mozilla/5.0 (compatible; Googlebot/2.1; +http://www.google.com/bot.html)
4	0	0	0	6	0	0	29285836	0	0	29285836	0	Mozilla/5.0 (Windows NT 10.0; Win64; x64) AppleWebKit/537.36 (KHTML, like Gecko) Chrome/85.0.4183.102 Safari/537.36
4	3	1	4	10	29301370	29302764	29274669	29258574	29301370	29243025	9929	Mozilla/5.0 AppleWebKit/537.36 (KHTML, like Gecko; compatible; bingbot/2.0; +http://www.bing.com/bingbot.htm) Chrome/116.0.1938.76 Safari/537.36
4	2	1	0	2	29264593	0	29264593	29264529	0	29264529	3531	Mozilla/5.0 AppleWebKit/537.36 (KHTML, like Gecko; compatible; ClaudeBot/1.0; +claudebot@anthropic.com)
4	0	0	1	0	0	29308306	0	0	29308306	0	0	Mozilla/4.0 (compatible; MSIE 4.01; Windows CE; PPC; MDA Pro/1.0 Profile/MIDP-2.0 Configuration/CLDC-1.1)
4	0	0	0	60	0	0	29246713	0	0	29241146	0	Go-http-client/1.1
4	0	0	1	1	0	29302133	29244090	0	29302133	29244090	0	Mozlila/5.0 (Linux; Android 7.0; SM-G892A Bulid/NRD90M; wv) AppleWebKit/537.36 (KHTML, like Gecko) Version/4.0 Chrome/60.0.3112.107 Moblie Safari/537.36
4	1	0	1	0	29294533	29294533	0	29294533	29294533	0	7757	Mozilla/5.0 (Macintosh; Intel Mac OS X 10_9_3) AppleWebKit/537.75.14 (KHTML, like Gecko) Version/7.0.3 Safari/7046A194A
4	1	1	0	0	29246713	0	0	29246713	0	0	2490	Mozilla/5.0 (Windows NT 8_1_2; Win64; x64) AppleWebKit/585.38 (KHTML, like Gecko) Chrome/79.0.523 Safari/537.36
4	14	13	1	1152	29299673	29299673	29270276	29242718	29299673	29242641	36853	Mozilla/5.0 (Windows NT 10.0; Win64; x64) AppleWebKit/537.36 (KHTML, like Gecko) Chrome/91.0.4472.124 Safari/537.36
4	0	0	0	1	0	0	29241153	0	0	29241153	0	Mozilla/5.0 (Linux; Android 5.1.1; Nexus 5 Build/LMY48G) AppleWebKit/537.36 (KHTML, like Gecko) Chrome/44.0.2403.133 Mobile Safari/537.36
4	1	1	0	0	29248231	0	0	29248231	0	0	8958	Mozilla/5.0 (Windows NT 6.1; Win64; x64; +http://url-classification.io/wiki/index.php?title=URL_server_crawler) KStandBot/1.0
4	4	2	0	2	29254507	0	29241148	29254504	0	29241148	8052	Mozilla/5.0 (Windows NT 10.0; Win64; x64) AppleWebKit/537.36 (KHTML, like Gecko) Chrome/117.0.5938.132 Safari/537.36
4	6	3	3	0	29293769	29293769	0	29270020	29289683	0	46437	Mozilla/5.0 (Windows; U; Windows NT 6.1; en-US) AppleWebKit/533.20.25 (KHTML, like Gecko) Version/5.0.4 Safari/533.20.27
4	1	0	1	0	29293932	29293932	0	29293932	29293932	0	4232	Mozilla/5.0 (iPhone; CPU iPhone OS 17_1_2 like Mac OS X) AppleWebKit/605.1.15 (KHTML, like Gecko) Version/17.1.2 Mobile/15E148 Safari/604
4	0	0	0	4	0	0	29279078	0	0	29263499	0	Googlebot-Image/1.0
4	1	1	0	0	29284215	0	0	29284215	0	0	2474	Mozilla/5.0 (Linux; Android 10; M2007J20CI) AppleWebKit/537.36 (KHTML, like Gecko) Chrome/101.0.4951.41 Mobile Safari/537.36
4	0	0	2	0	0	29309106	0	0	29309106	0	0	Mozilla/5.0 (compatible; IbouBot/1.0; +bot@ibou.io; +https://ibou.io/iboubot.html)
4	0	0	1	0	0	29308900	0	0	29308900	0	0	Mozilla/5.0 (Linux; Android 5.0) AppleWebKit/537.36 (KHTML, like Gecko) Mobile Safari/537.36 (compatible; Bytespider; spider-feedback@bytedance.com)
4	0	0	1	0	0	29302604	0	0	29302604	0	0	Mozilla/5.0 (X11; Linux x86_64) AppleWebKit/537.36 (KHTML, like Gecko) Chrome/88.0.4324.150 Safari/537.36
4	0	0	1	0	0	29299672	0	0	29299672	0	0	Mozilla/5.0 (Macintosh; Intel Mac OS X 10_10) AppleWebKit/537.36 (KHTML, like Gecko) Chrome/101.0.4853.129 Safari/537.36
4	1	1	0	0	29277138	0	0	29277138	0	0	2474	Mozilla/5.0 (Windows NT 10.0; Win64; x64) AppleWebKit/537.36 (KHTML, like Gecko) Chrome/124.0.0.0 Safari/537.36
4	1	1	0	1	29255180	0	29255180	29255180	0	29255180	2480	Mozilla/5.0 (Linux; Android 12; SAMSUNG SM-A415F) AppleWebKit/537.36 (KHTML, like Gecko) SamsungBrowser/23.0 Chrome/115.0.0.0 Mobile Safari/537.3
4	0	0	1	1	0	29293843	29242699	0	29293843	29242699	0	Mozilla/5.0 (compatible; ORT/v1.0.0; visit ORTc.me )
4	0	0	1	0	0	29303533	0	0	29303533	0	0	Mozilla/5.0 (Windows NT 10.0; Win64; x64) AppleWebKit/537.36
4	0	0	0	8	0	0	29280055	0	0	29253415	0	Mozilla/5.0 (compatible; BLEXBot/1.0; +https://help.seranking.com/en/blex-crawler)
4	2	0	2	0	29299494	29299494	0	29299494	29299494	0	8464	Mozilla/5.0 (Windows NT 6.3; Win64; x64; rv:109.0) Gecko/20100101 Firefox/115
4	0	0	1	0	0	29288048	0	0	29288048	0	0	Mozilla/5.0 (Macintosh; Intel Mac OS X 10_15_7) AppleWebKit/605.1.15 (KHTML, like Gecko) Version/15.5 Safari/605.1.15
4	1	1	0	0	29270928	0	0	29270928	0	0	2135	Mozilla/5.0 (Windows NT 10.0; Win64; x64) AppleWebKit/537.36 (KHTML, like Gecko) Chrome/114.0.5735.199 Safari/537.36 Edg/114.0.1823.67
4	0	0	0	20	0	0	29252361	0	0	29245453	0	Mozilla/5.0 (Macintosh; Intel Mac OS X 10_7_0) AppleWebKit/535.11 (KHTML, like Gecko) Chrome/17.0.963.56 Safari/535.11
4	3	0	3	0	29287006	29287006	0	29287006	29287006	0	12696	Mozilla/5.0 (Macintosh; Intel Mac OS X 10.15; rv:77.0) Gecko/20100101 Firefox/77.0
4	0	0	0	1	0	0	29244459	0	0	29244459	0	Mozilla/5.0 (Macintosh; Intel Mac OS X 10_15_7) AppleWebKit/605.1.15 (KHTML, like Gecko) Version/14.1.2 Safari/605.1.15
4	1	1	0	0	29244459	0	0	29244459	0	0	2490	Mozilla/5.0 (Macintosh; Intel Mac OS X 10_15_7) AppleWebKit/537.36 (KHTML, like Gecko) Chrome/92.0.4515.107 Safari/537.36
4	1	1	0	0	29250846	0	0	29250846	0	0	2480	Mozilla/5.0 (Windows NT 10.0; Win64; x64) AppleWebKit/537.36 (KHTML, like Gecko) Chrome/92.0.4515.107 Safari/537.36
4	1	1	0	1	29246262	0	29246262	29246262	0	29246262	2490	Mozilla/5.0 (Windows NT 10.0; Win64; x64) AppleWebKit/537.36 (KHTML, like Gecko) Chrome/120.0.0.0 Safari/537.36 Viewer/99.9.8853.8
4	2	2	0	2	29273550	0	29273550	29264791	0	29264791	4948	Mozilla/5.0 (Macintosh; Intel Mac OS X 10_15_7) AppleWebKit/605.1.15 (KHTML, like Gecko) Version/17.3.1 Safari/605.1.1
4	6	5	4	5	29286950	29307416	29274259	29246581	29286950	29246581	16887	Mozilla/5.0 (X11; Linux x86_64; rv:139.0) Gecko/20100101 Firefox/139.0
4	0	0	1	0	0	29308655	0	0	29308655	0	0	checkpack/0.1.6
4	0	0	1	0	0	29293844	0	0	29293844	0	0	Mozilla/5.0 (Linux; Android 11; HD1913) AppleWebKit/537.36 (KHTML, like Gecko) Chrome/100.0.4896.127 Mobile Safari/537.36
4	1	1	0	1	29246824	0	29246824	29246824	0	29246824	2490	Mozilla/5.0 (compatible; BacklinksExtendedBot)
4	1	0	0	0	29290893	0	0	29290893	0	0	4232	Mozilla/5.0 (Macintosh; Intel Mac OS X 10_15_7) AppleWebKit/537.36 (KHTML, like Gecko) Chrome/100.0.4896.127 Safari/537.36 Edg/100.0.1185.50
4	3	3	1	0	29279847	29303434	0	29260961	29303434	0	7422	Mozilla/5.0 zgrab/0.x
4	6	6	0	6	29252158	0	29245770	29241512	0	29241150	14930	Mozilla/5.0 (X11; Linux x86_64) AppleWebKit/537.36 (KHTML, like Gecko) Chrome/137.0.0.0 Safari/537.36
4	1	1	0	0	29241430	0	0	29241430	0	0	2490	Mozilla/5.0 (Macintosh; Intel Mac OS X 10_15_7) AppleWebKit/605.1.15 (KHTML, like Gecko) Version/17.5 Safari/605.9.25
4	1	1	0	2	29254394	0	29241148	29254394	0	29241148	2143	Mozilla/5.0 (Windows NT 6.1; Win64; x64) AppleWebKit/537.36 (KHTML, like Gecko) Chrome/83.0.4103.61 Safari/537.36
4	24	24	2	144	29243242	29304107	29243242	29242429	29302759	29242429	191040	Mozilla/5.0 (Windows NT 10.0; Win64; x64) AppleWebKit/537.36 (KHTML, like Gecko) Chrome/78.0.3904.108 Safari/537.36
4	0	0	2	2	0	29304484	29273680	0	29304484	29273680	0	OI-Crawler/Nutch (https://openintel.nl/webcrawl/)
4	1	1	0	0	29241193	0	0	29241193	0	0	2490	WanScannerBot/1.1
4	5	3	3	0	29301411	29309234	0	29242853	29298841	0	16038	Mozilla/5.0 (compatible; InternetMeasurement/1.0; +https://internet-measurement.com/)
4	1	0	1	0	29294756	29294756	0	29294756	29294756	0	4232	Mozilla/5.0 (X11; Linux x86_64) AppleWebKit/537.36 (KHTML, like Gecko) Chrome/128.0.0.0 Safari/537.36
4	45	0	0	0	29241146	0	0	29241146	0	0	3915	Mozilla/5.0 (compatible; Let's Encrypt validation server; +https://www.letsencrypt.org)
4	1	1	0	0	29241193	0	0	29241193	0	0	7959	WanScannerBot/1.0
4	0	0	0	1	0	0	29241153	0	0	29241153	0	Mozilla/5.0 (Linux; Android 4.0.4; Nexus S Build/IMM76D) AppleWebKit/537.36 (KHTML, like Gecko) Chrome/41.0.2272.96 Mobile Safari/537.36
4	1	0	0	0	29299672	0	0	29299672	0	0	4232	Mozilla/5.0 (SymbianOS/9.4; U; Series60/5.0 SonyEricssonP100/01; Profile/MIDP-2.1 Configuration/CLDC-1.1) AppleWebKit/525 (KHTML, like Gecko) Version/3.0 Safari/525
4	4	3	0	0	29272449	0	0	29241354	0	0	7786	Mozilla/5.0 (Linux; Android 6.0.1; Nexus 5X Build/MMB29P) AppleWebKit/537.36 (KHTML, like Gecko) Chrome/138.0.7204.183 Mobile Safari/537.36 (compatible; Googlebot/2.1; +http://www.google.com/bot.html)
4	0	0	0	1	0	0	29241153	0	0	29241153	0	Mozilla/5.0 (Linux; Android 6.0.1; Nexus 6P Build/MTC20F) AppleWebKit/537.36 (KHTML, like Gecko) Chrome/53.0.2785.124 Mobile Safari/537.36
4	1	0	0	0	29241027	0	0	29241027	0	0	8	GuzzleHttp/7
4	0	0	0	3	0	0	29241146	0	0	29241146	0	Mozilla/5.0 (Linux; Android 6.0; HTC One M9 Build/MRA357286) AppleWebKit/537.36 (KHTML, like Gecko) Chrome/52.0.3104.98 Mobile Safari/537.3
4	1	0	1	0	29299224	29299224	0	29299224	29299224	0	4232	Mozilla/5.0 (compatible; WP-Checker/1.0; +https://example.com)
4	2	1	0	0	29254394	0	0	29254394	0	0	4026	Mozilla/5.0 (Windows NT 10.0; Win64; x64) AppleWebKit/537.36 (KHTML, like Gecko) Chrome/79.0.3945.79 Safari/537.36
4	0	0	3	0	0	29306336	0	0	29306218	0	0	Mozilla/5.0 (Linux; Android 6.0.1; Nexus 5X Build/MMB29P) AppleWebKit/537.36 (KHTML, like Gecko) Chrome/140.0.7339.127 Mobile Safari/537.36 (compatible; GoogleOther)
4	5	0	7	0	29299908	29310473	0	29295377	29295377	0	19485	Mozilla/5.0 (Linux; Android 6.0.1; Nexus 5X Build/MMB29P) AppleWebKit/537.36 (KHTML, like Gecko) Chrome/140.0.7339.127 Mobile Safari/537.36 (compatible; Googlebot/2.1; +http://www.google.com/bot.html)
4	5	3	0	0	29241291	0	0	29241263	0	0	10544	Mozilla/5.0 (iPhone; CPU iPhone OS 14_4 like Mac OS X) AppleWebKit/605.1.15 (KHTML, like Gecko) Version/15.4 Mobile/15E148 Safari/604.1
4	4	3	2	0	29292254	29306419	0	29250446	29292254	0	11660	Mozilla/5.0 (Windows NT 10.0; Win64; x64) AppleWebKit/537.36 (KHTML, like Gecko) Chrome/91.0.4472.114 Safari/537.36 Edg/91.0.864.54
4	2	2	0	0	29279078	0	0	29272420	0	0	4270	Mozilla/5.0 (Linux; Android 6.0.1; Nexus 5X Build/MMB29P) AppleWebKit/537.36 (KHTML, like Gecko) Chrome/99.0.4844.84 Mobile Safari/537.36 (compatible; Googlebot/2.1; +http://www.google.com/bot.html)
4	1	0	0	0	29288048	0	0	29288048	0	0	4232	W3C_Validator/1.654
4	3	2	1	0	29298484	29298484	0	29255815	29298484	0	9186	Mozilla/5.0 (Windows; U; Windows NT 6.1; en-US; rv:1.9.1.5) Gecko/20091102 Firefox/3.5.5 (.NET CLR 3.5.30729)
4	0	0	1	0	0	29286943	0	0	29286943	0	0	Mozilla/5.0 (Macintosh; Intel Mac OS X 10_9_2)
4	0	0	1	0	0	29305476	0	0	29305476	0	0	Mozilla/5.0 (Windows; U; Windows NT 6.0; en-GB; rv:1.9.0.11) Gecko/2009060215 Firefox/3.0.11 (.NET CLR 3.5.30729)
4	213	104	0	97	29251174	0	29251174	29241180	0	29241043	751303	Mozilla/5.0 (Windows NT 10.0; rv:141.0) Gecko/20100101 Firefox/141.0
4	3	3	0	0	29241263	0	0	29241263	0	0	7470	Mozilla/5.0 (Windows NT 10.0; Win64; x64) AppleWebKit/537.36 (KHTML, like Gecko) Chrome/70.0.3538.102 Safari/537.36 Edge/18.19582
4	2	0	2	0	29290764	29290764	0	29290764	29290764	0	8464	Mozilla/5.0 (Android 14; Mobile; rv:123.0) Gecko/123.0 Firefox/123
4	5	5	0	0	29252361	0	0	29245453	0	0	39520	Mozilla/5.0 (Macintosh; Intel Mac OS X 10_15_7) AppleWebKit/537.36 (KHTML, like Gecko) Chrome/120.0.0.0 Safari/537.36 Edg/120.0.0.0
4	1	1	0	1	29243635	0	29243635	29243635	0	29243635	2490	Mozilla/5.0 (compatible; AwarioBot/1.0; +https://awario.com/bots.html)
4	0	0	0	1	0	0	29241885	0	0	29241885	0	Mozilla/5.0 (Windows NT 10.0; Win64; x64) AppleWebKit/537.36 (KHTML, like Gecko) Chrome/105.0.0.0 Safari/537.36
4	0	0	2	0	0	29305713	0	0	29305713	0	0	facebookexternalhit/1.1 (+http://www.facebook.com/externalhit_uatext.php)
4	2	2	0	2	29245911	0	29245911	29245372	0	29245372	4980	Mozilla/5.0 (X11; Linux x86_64; rv:137.0) Gecko/20100101 Firefox/137.0
4	3	3	0	3	29245453	0	29245453	29245453	0	29245453	23880	Mozilla/5.0 (Windows NT 6.1) AppleWebKit/537.36 (KHTML, like Gecko) Chrome/49.0.2623.112 Safari/537.36
4	0	0	1	0	0	29290893	0	0	29290893	0	0	Mozilla/5.0 (Macintosh; Intel Mac OS X 10_14_6) AppleWebKit/537.36 (KHTML, like Gecko) Chrome/100.0.4896.127 Safari/537.36
4	1	1	0	0	29246712	0	0	29246712	0	0	7960	curl/7.29.0
4	2	0	0	0	29279078	0	0	29272420	0	0	2792	Mozilla/5.0 AppleWebKit/537.36 (KHTML, like Gecko; compatible; Googlebot/2.1; +http://www.google.com/bot.html) Chrome/139.0.7258.127 Safari/537.36
4	0	0	0	1	0	0	29252158	0	0	29252158	0	Mozilla/5.0 (X11; Linux x86_64) AppleWebKit/537.36 (KHTML, like Gecko) Chrome/136.0.0.0 Safari/537.36
4	6	4	0	0	29244784	0	0	29242859	0	0	13034	Mozilla/5.0 (Macintosh; Intel Mac OS X 10_15_7) AppleWebKit/537.36 (KHTML, like Gecko) Chrome/131.0.0.0 Safari/537.36
4	0	0	0	1	0	0	29277136	0	0	29277136	0	Mozilla/5.0 (Windows NT 10.0; Win64; x64) AppleWebKit/537.36 (KHTML, like Gecko) Chrome/131.0.0.0 Safari/537.36
4	1	1	0	1	29267460	0	29267460	29267460	0	29267460	2474	Mozilla/5.0 AppleWebKit/537.36 (KHTML, like Gecko; compatible; Amazonbot/0.1; +https://developer.amazon.com/support/amazonbot) Chrome/119.0.6045.214 Safari/537.36
4	1	0	1	0	29293926	29293926	0	29293926	29293926	0	4232	Mozilla/5.0 (X11; CrOS x86_64 14541.0.0) AppleWebKit/537.36 (KHTML, like Gecko) Chrome/121.0.0.0 Safari/537.3
4	0	0	1	0	0	29305713	0	0	29305713	0	0	meta-externalagent/1.1 (+https://developers.facebook.com/docs/sharing/webmasters/crawler)
4	3	3	0	3	29245133	0	29245142	29245074	0	29245083	23880	Mozilla/5.0 (X11; Ubuntu; Linux x86_64; rv:134.0) Gecko/20100101 Firefox/134.0
4	1	1	0	0	29282628	0	0	29282628	0	0	2474	Mozilla/5.0 (Linux; Android 11; Mi A3 Build/RKQ1.200903.002; wv) AppleWebKit/537.36 (KHTML, like Gecko) Version/4.0 Chrome/101.0.4951.41 YaBrowser/22.1.0.194 (lite) Mobile Safari/537.36
4	0	0	1	0	0	29296867	0	0	29296867	0	0	Mozilla/5.0 (X11; Linux x86_64) AppleWebKit/537.36 (KHTML, like Gecko) Chrome/100.0.4896.75 Safari/537.36
4	4	1	0	1	29247339	0	29247338	29247338	0	29247338	4576	Mozilla/5.0 (Linux; U; Android 13; fa-ir; Redmi 10C Build/TKQ1.221114.001) AppleWebKit/537.36 (KHTML, like Gecko) Version/4.0 Chrome/112.0.5615.136 Mobile Safari/537.36 XiaoMi/MiuiBrowser/14.10.1.3-gn
4	1	1	0	1	29282361	0	29282361	29282361	0	29282361	2474	Mozilla/5.0 (Windows NT 10.0; Win64; x64) AppleWebKit/537.36 (KHTML, like Gecko) Chrome/122.0.0.0 Safari/537.36 Agency/93.8.2357.5
4	0	0	0	1	0	0	29247385	0	0	29247385	0	Mozilla/5.0 (Linux; Android 9; SM-N950F) AppleWebKit/537.36 (KHTML, like Gecko) Chrome/76.0.3809.89 Mobile Safari/537.36
4	4	2	0	0	29241291	0	0	29241290	0	0	8054	Mozilla/5.0 (Macintosh; Intel Mac OS X 10_15_7) AppleWebKit/537.36 (KHTML, like Gecko) Chrome/113.0.0.0 Safari/537.36
4	2	1	2	1	29289524	29289524	29244809	29244809	29289524	29244809	6722	Mozilla/5.0 (compatible; ips-agent)
4	1	1	0	1	29245236	0	29245236	29245236	0	29245236	2490	Mozilla/5.0 (compatible; YaK/1.0; http://linkfluence.com/; bot@linkfluence.com)
4	2	0	2	0	29294147	29294147	0	29292503	29292503	0	7794	Mozilla/5.0 (Linux; Android 6.0.1; Nexus 5X Build/MMB29P) AppleWebKit/537.36 (KHTML, like Gecko) Chrome/139.0.7258.154 Mobile Safari/537.36 (compatible; Googlebot/2.1; +http://www.google.com/bot.html)
4	1	1	1	0	29277575	29305727	0	29277575	29305727	0	2474	Mozilla/5.0 (Windows NT 10.0; Win64; x64) AppleWebKit/537.36 (KHTML, like Gecko) Chrome/104.0.0.0 Safari/537.36
4	0	0	0	3	0	0	29241146	0	0	29241146	0	Mozilla/5.0 (l9scan/2.0.0363e2437313e283e2538313; +https://leakix.net)
4	5	3	6	3	29294077	29306364	29274277	29254026	29286003	29254026	15996	Mozilla/5.0 (X11; Linux x86_64) AppleWebKit/537.36 (KHTML, like Gecko) Chrome/139.0.0.0 Safari/537.36
4	12	12	0	3	29241195	0	29241194	29241194	0	29241194	95508	Mozilla/5.0 (Windows NT 10.0; Win64; x64) AppleWebKit/537.36 (KHTML, like Gecko) Chrome/138.0.0.0 Safari/537.36
4	0	0	1	0	0	29303086	0	0	29303086	0	0	Mozilla/5.0 (Macintosh; Intel Mac OS X 10_15_7) AppleWebKit/537.36 (KHTML, like Gecko) Chrome/138.0.0.0 Safari/537.36
4	28	28	0	0	29281163	0	0	29242166	0	0	69817	Mozilla/5.0 (Windows NT 10.0; Win64; x64)AppleWebKit/537.36 (KHTML, like Gecko) Chrome/66.0.3359.181 Safari/537.36
4	1	0	0	0	29293844	0	0	29293844	0	0	4232	Mozilla/5.0 (Macintosh; Intel Mac OS X 10_9_5) AppleWebKit/537.36 (KHTML, like Gecko) Chrome/67.0.3396.87 Safari/537.36
4	9	0	0	0	29241146	0	0	29241146	0	0	576	Cpanel-HTTP-Client/1.0
4	2	0	2	0	29300077	29300077	0	29300077	29300077	0	8464	Mozilla/5.0 (Windows NT 10.0; Win64; x64) AppleWebKit/537.36 (KHTML, like Gecko) Chrome/134.0.0.0 Safari/537.36
5	1	1	0	3	29246713	0	29246713	29246713	0	29246713	2490	165.154.206.250
5	1	0	1	0	29291568	29291568	0	29291568	29291568	0	4232	43.135.135.57
5	1	0	1	0	29301172	29301172	0	29301172	29301172	0	4232	118.89.233.234
5	1	1	0	2	29263499	0	29263499	29263499	0	29263499	2135	66.249.64.69
5	0	0	0	22	0	0	29241146	0	0	29241146	0	159.65.18.197
5	1	0	1	0	29299672	29299672	0	29299672	29299672	0	4232	54.160.251.165
5	3	1	0	1	29263499	0	29263499	29263499	0	29263499	4927	66.249.64.68
5	0	0	0	1	0	0	29245142	0	0	29245142	0	91.196.152.144
5	0	0	0	1	0	0	29278396	0	0	29278396	0	66.249.64.67
5	3	3	0	0	29241263	0	0	29241263	0	0	7470	35.93.179.84
5	1	0	1	0	29294707	29294707	0	29294707	29294707	0	4232	43.157.67.70
5	1	1	0	0	29243988	0	0	29243988	0	0	2490	43.153.102.138
5	0	0	0	1	0	0	29245135	0	0	29245135	0	91.196.152.75
5	0	0	1	0	0	29308667	0	0	29308667	0	0	36.111.67.189
5	1	0	1	0	29296832	29296832	0	29296832	29296832	0	4232	124.226.222.66
5	0	0	0	1	0	0	29241148	0	0	29241148	0	205.169.39.159
5	1	1	0	0	29242853	0	0	29242853	0	0	2490	87.236.176.35
5	1	1	0	0	29283059	0	0	29283059	0	0	2474	170.106.143.6
5	1	1	0	0	29266053	0	0	29266053	0	0	2474	43.155.140.157
5	87	0	87	0	29296614	29296614	0	29296613	29296613	0	662070	20.39.203.9
5	213	104	0	97	29251174	0	29251174	29241180	0	29241043	751303	5.202.52.254
5	0	0	1	4	0	29303029	29301745	0	29303029	29301608	0	5.202.52.253
5	0	0	1	0	0	29303258	0	0	29303258	0	0	117.33.163.216
5	2	2	0	0	29241193	0	0	29241193	0	0	10449	188.126.89.86
5	0	0	1	0	0	29300255	0	0	29300255	0	0	180.110.203.108
5	0	0	0	1	0	0	29244724	0	0	29244724	0	54.188.169.50
5	1	1	0	3	29250549	0	29250549	29250549	0	29250549	2480	199.45.155.75
5	0	0	1	0	0	29306419	0	0	29306419	0	0	62.141.44.236
5	1	1	0	1	29245770	0	29245770	29245770	0	29245770	2490	64.23.143.62
5	1	1	0	0	29254605	0	0	29254605	0	0	2480	43.166.224.244
5	0	0	1	0	0	29308900	0	0	29308900	0	0	47.128.57.209
5	1	0	3	0	29301402	29308210	0	29301402	29301402	0	4232	106.119.167.146
5	1	1	0	0	29269015	0	0	29269015	0	0	2474	101.32.208.70
5	0	0	0	6	0	0	29280055	0	0	29255707	0	144.76.33.48
5	0	0	1	0	0	29309254	0	0	29309254	0	0	43.153.54.14
5	0	0	1	0	0	29302133	0	0	29302133	0	0	167.172.77.159
5	1	1	0	0	29273310	0	0	29273310	0	0	2474	43.130.57.76
5	1	1	0	1	29244809	0	29244809	29244809	0	29244809	2490	72.13.46.5
5	1	1	0	0	29261666	0	0	29261666	0	0	2474	43.157.147.3
5	1	1	0	0	29244313	0	0	29244313	0	0	2490	52.34.51.43
5	1	0	2	0	29295682	29304431	0	29295682	29295682	0	4232	118.195.153.213
5	1	0	0	0	29241146	0	0	29241146	0	0	87	16.16.218.96
5	1	0	0	0	29241146	0	0	29241146	0	0	87	3.144.221.86
5	3	0	3	0	29287006	29287006	0	29287006	29287006	0	12696	13.222.32.196
5	0	0	2	0	0	29310473	0	0	29306516	0	0	66.249.66.195
5	1	1	0	1	29245453	0	29245453	29245453	0	29245453	7960	106.75.165.205
5	0	0	0	1	0	0	29247385	0	0	29247385	0	196.251.81.14
5	0	0	4	0	0	29310473	0	0	29306218	0	0	66.249.66.194
5	1	0	1	0	29292254	29292254	0	29292254	29292254	0	4232	157.173.122.176
5	1	1	0	0	29251681	0	0	29251681	0	0	2480	170.106.165.186
5	0	0	0	1	0	0	29245453	0	0	29245453	0	27.115.124.97
5	1	1	0	1	29279703	0	29301761	29279703	0	29301761	2474	43.166.242.189
5	1	0	1	0	29301370	29301370	0	29301370	29301370	0	3897	40.77.167.4
5	117	0	117	0	29290235	29290235	0	29290234	29290234	0	907569	52.178.193.251
5	0	0	1	0	0	29299494	0	0	29299494	0	0	192.36.109.129
5	1	0	1	0	29294533	29294533	0	29294533	29294533	0	7757	2.58.56.45
5	1	1	0	0	29262701	0	0	29262701	0	0	2474	43.131.23.154
5	1	1	0	0	29263095	0	0	29263095	0	0	2474	43.159.143.139
5	0	0	1	0	0	29310064	0	0	29310064	0	0	118.195.165.218
5	1	0	0	0	29299494	0	0	29299494	0	0	4232	192.36.109.125
5	1	1	0	0	29270482	0	0	29270482	0	0	2474	43.157.82.252
5	1	1	0	0	29251339	0	0	29251339	0	0	2480	43.130.26.3
5	6	3	3	0	29297027	29299908	0	29278396	29286410	0	18096	66.249.79.37
5	5	0	5	2	29299908	29299908	29279078	29279078	29289412	29274992	16984	66.249.79.36
5	0	0	0	1	0	0	29242699	0	0	29242699	0	95.168.190.198
5	1	0	1	0	29287184	29287184	0	29287184	29287184	0	4232	43.130.57.46
5	1	1	0	0	29259491	0	0	29259491	0	0	2474	43.130.150.80
5	2	1	1	0	29286724	29286724	0	29255548	29286724	0	6712	43.135.182.95
5	0	0	1	0	0	29293843	0	0	29293843	0	0	95.168.190.197
5	4	0	2	2	29294147	29297027	29274283	29279078	29294147	29274283	13087	66.249.79.32
5	1	1	0	0	29277395	0	0	29277395	0	0	2474	43.158.91.71
5	1	1	0	0	29280151	0	0	29280151	0	0	2474	43.135.133.194
5	1	1	0	0	29248620	0	0	29248620	0	0	2656	43.153.76.247
5	1	1	0	0	29271304	0	0	29271304	0	0	2474	43.166.136.202
5	0	0	0	1	0	0	29256168	0	0	29256168	0	66.249.66.164
5	1	1	0	0	29269664	0	0	29269664	0	0	2474	43.152.72.244
5	2	1	1	0	29298484	29298484	0	29270376	29298484	0	6706	156.146.35.28
5	1	1	0	0	29281173	0	0	29281173	0	0	2474	43.156.168.214
5	0	0	0	3	0	0	29263285	0	0	29259353	0	66.249.66.163
5	0	0	0	1	0	0	29270302	0	0	29270302	0	66.249.66.162
5	0	0	0	1	0	0	29242641	0	0	29242641	0	156.146.35.27
5	1	1	0	0	29274364	0	0	29274364	0	0	2474	43.135.186.135
5	0	0	1	0	0	29306097	0	0	29306097	0	0	182.44.67.97
5	0	0	0	1	0	0	29266052	0	0	29266052	0	66.249.66.161
5	1	0	0	0	29293932	0	0	29293932	0	0	4232	192.36.166.94
5	0	0	1	0	0	29302883	0	0	29302883	0	0	49.51.47.100
5	1	1	0	1	29245453	0	29245453	29245453	0	29245453	7960	27.115.124.69
5	0	0	0	6	0	0	29285836	0	0	29285836	0	103.187.146.33
5	0	0	0	1	0	0	29252361	0	0	29252361	0	27.115.124.66
5	2	2	0	0	29272372	0	0	29256618	0	0	4954	129.226.174.80
5	1	0	2	0	29299122	29307504	0	29299122	29299122	0	4232	125.75.66.97
5	1	1	0	0	29246712	0	0	29246712	0	0	7960	165.154.43.179
5	1	1	0	0	29266838	0	0	29266838	0	0	2135	184.105.10.64
5	1	1	0	0	29260961	0	0	29260961	0	0	2474	3.140.182.19
5	1	0	2	0	29295914	29306331	0	29295914	29295914	0	4232	14.215.163.132
5	2	2	0	0	29282662	0	0	29281957	0	0	4948	43.130.32.245
5	1	0	1	0	29290058	29290058	0	29290058	29290058	0	4232	43.166.237.57
5	1	1	0	0	29251504	0	0	29251504	0	0	2480	44.252.82.185
5	0	0	1	0	0	29303086	0	0	29303086	0	0	44.193.254.10
5	1	1	0	0	29242731	0	0	29242731	0	0	2490	43.157.170.13
5	0	0	0	1	0	0	29277136	0	0	29277136	0	129.226.197.207
5	1	0	2	0	29286003	29286003	0	29286003	29286003	0	4232	146.190.116.37
5	0	0	1	0	0	29304820	0	0	29304820	0	0	43.135.140.225
5	2	2	0	0	29244784	0	0	29244784	0	0	4980	15.204.183.221
5	1	0	0	0	29241146	0	0	29241146	0	0	87	23.178.112.107
5	1	1	0	0	29266640	0	0	29266640	0	0	2474	101.32.52.164
5	1	0	0	0	29241146	0	0	29241146	0	0	87	23.178.112.106
5	1	1	0	0	29272905	0	0	29272905	0	0	2474	129.226.213.145
5	1	0	0	0	29241146	0	0	29241146	0	0	87	23.178.112.103
5	0	0	0	1	0	0	29245453	0	0	29245453	0	27.115.124.114
5	1	1	0	0	29270020	0	0	29270020	0	0	7820	3.235.164.184
5	1	1	0	1	29252361	0	29252361	29252361	0	29252361	7820	27.115.124.112
5	1	1	0	0	29247941	0	0	29247941	0	0	2743	18.237.0.221
5	0	0	1	0	0	29305613	0	0	29305613	0	0	182.44.10.67
5	1	1	0	0	29274778	0	0	29274778	0	0	2474	43.159.138.217
5	0	0	0	3	0	0	29252361	0	0	29245453	0	27.115.124.104
5	1	1	0	0	29241194	0	0	29241194	0	0	7959	192.175.111.251
5	1	0	1	0	29299224	29299224	0	29299224	29299224	0	4232	165.22.251.174
5	2	0	2	0	29300496	29300496	0	29298890	29298890	0	8464	114.80.36.40
5	0	0	0	1	0	0	29274669	0	0	29274669	0	52.167.144.229
5	0	0	1	0	0	29306218	0	0	29306218	0	0	66.249.66.2
5	1	1	0	0	29241194	0	0	29241194	0	0	7959	192.175.111.247
5	1	1	0	0	29272518	0	0	29272518	0	0	2474	18.233.221.210
5	1	1	0	0	29241195	0	0	29241195	0	0	7959	192.175.111.245
5	1	1	0	0	29263281	0	0	29263281	0	0	2474	18.224.192.118
5	0	0	1	0	0	29310016	0	0	29310016	0	0	124.156.225.181
5	2	2	0	1	29241194	0	29241194	29241194	0	29241194	15918	192.175.111.239
5	1	1	0	0	29262413	0	0	29262413	0	0	2474	35.166.106.157
5	0	0	1	0	0	29305476	0	0	29305476	0	0	18.214.88.6
5	0	0	0	1	0	0	29245507	0	0	29245507	0	1.192.195.8
5	1	1	0	0	29241194	0	0	29241194	0	0	7959	192.175.111.233
5	1	1	0	0	29241194	0	0	29241194	0	0	7959	192.175.111.232
5	0	0	0	1	0	0	29245507	0	0	29245507	0	1.192.195.5
5	1	1	0	0	29255362	0	0	29255362	0	0	2480	34.220.248.186
5	0	0	1	0	0	29308897	0	0	29308897	0	0	43.165.65.180
5	4	2	0	0	29241290	0	0	29241290	0	0	8054	35.88.130.118
5	1	0	0	0	29241146	0	0	29241146	0	0	87	54.179.189.54
5	1	1	0	1	29246824	0	29246824	29246824	0	29246824	2490	185.170.167.18
5	1	1	0	0	29278072	0	0	29278072	0	0	2474	49.51.178.45
5	0	0	1	0	0	29308306	0	0	29308306	0	0	54.172.192.4
5	2	2	0	0	29275926	0	0	29263872	0	0	4948	101.33.66.34
5	0	0	1	0	0	29297056	0	0	29297056	0	0	113.141.91.58
5	1	1	0	0	29252934	0	0	29252934	0	0	2480	43.135.139.165
5	1	0	1	0	29300951	29300951	0	29300951	29300951	0	4232	132.232.144.200
5	0	0	1	0	0	29302764	0	0	29302764	0	0	52.167.144.188
5	1	1	0	0	29277138	0	0	29277138	0	0	2474	82.157.18.32
5	1	1	1	0	29264791	29309012	0	29264791	29309012	0	2474	93.158.90.73
5	0	0	1	0	0	29309012	0	0	29309012	0	0	93.158.90.72
5	1	0	0	0	29290764	0	0	29290764	0	0	4232	93.158.90.71
5	3	3	0	18	29242545	0	29242545	29242545	0	29242545	23880	13.220.235.252
5	1	1	0	0	29253886	0	0	29253886	0	0	2480	43.157.172.39
5	4	1	0	1	29247339	0	29247338	29247338	0	29247338	4576	83.123.225.8
5	117	0	117	0	29290944	29290944	0	29290943	29290943	0	890370	52.169.13.133
5	0	0	0	16	0	0	29277992	0	0	29277992	0	172.190.142.176
5	0	0	1	0	0	29308441	0	0	29308441	0	0	43.143.248.236
5	0	0	1	1	0	29290764	29264791	0	29290764	29264791	0	93.158.90.67
5	1	1	0	0	29284468	0	0	29284468	0	0	2474	170.106.35.187
5	1	1	0	0	29246262	0	0	29246262	0	0	2490	93.158.90.66
5	1	0	1	1	29290764	29290764	29246262	29290764	29290764	29246262	4232	93.158.90.65
5	2	0	3	0	29290652	29290652	0	29290652	29290651	0	8672	167.94.138.174
5	1	1	0	0	29280537	0	0	29280537	0	0	2474	43.153.74.75
5	0	0	0	1	0	0	29258410	0	0	29258410	0	52.167.144.169
5	1	1	0	0	29255155	0	0	29255155	0	0	2480	43.130.67.33
5	1	1	0	0	29258574	0	0	29258574	0	0	2135	52.167.144.170
5	0	0	0	22	0	0	29241146	0	0	29241146	0	134.209.25.199
5	1	1	0	0	29268797	0	0	29268797	0	0	2474	34.212.226.13
5	2	0	2	0	29292691	29292691	0	29292691	29292690	0	8464	167.94.138.163
5	1	0	1	0	29299183	29299183	0	29299183	29299183	0	4232	43.157.179.227
5	1	1	0	0	29253441	0	0	29253441	0	0	2480	43.153.58.28
5	0	0	1	0	0	29296608	0	0	29296608	0	0	182.42.104.32
5	1	1	0	0	29279018	0	0	29279018	0	0	2474	43.165.69.68
5	2	0	2	0	29300077	29300077	0	29300077	29300077	0	8464	198.98.58.78
5	1	0	2	0	29294077	29294077	0	29294077	29294077	0	4336	138.197.77.180
5	1	1	0	0	29247928	0	0	29247928	0	0	2743	49.51.132.100
5	1	1	0	1	29245453	0	29245453	29245453	0	29245453	7960	106.75.167.27
5	0	0	1	0	0	29308655	0	0	29308655	0	0	193.105.234.155
5	1	1	0	0	29267029	0	0	29267029	0	0	2474	35.91.112.54
5	1	0	1	0	29300530	29300530	0	29300530	29300530	0	4232	170.106.161.78
5	1	1	0	0	29241297	0	0	29241297	0	0	2490	43.166.244.251
5	2	0	2	0	29296934	29296934	0	29291137	29291137	0	8464	43.157.149.188
5	1	1	0	0	29264821	0	0	29264821	0	0	2474	124.156.179.141
5	1	1	0	0	29243262	0	0	29243262	0	0	2490	185.247.137.146
5	1	1	0	3	29250640	0	29250640	29250640	0	29250640	2480	199.45.155.108
5	0	0	0	1	0	0	29241194	0	0	29241194	0	64.15.129.121
5	0	0	1	0	0	29303254	0	0	29303254	0	0	170.106.148.137
5	1	1	0	0	29241194	0	0	29241194	0	0	7959	64.15.129.119
5	1	1	0	1	29244189	0	29244189	29244189	0	29244189	2490	17.241.227.75
5	2	2	0	0	29260259	0	0	29247453	0	0	5217	43.153.47.201
5	1	0	0	0	29292058	0	0	29292058	0	0	3897	179.135.69.246
5	1	1	0	0	29255180	0	0	29255180	0	0	2480	192.36.24.172
5	1	0	1	0	29298836	29298836	0	29298836	29298836	0	4232	43.157.22.57
5	0	0	0	1	0	0	29241194	0	0	29241194	0	64.15.129.116
5	1	0	1	0	29291194	29291194	0	29291194	29291194	0	4232	17.241.227.72
5	1	0	1	0	29287557	29287557	0	29287557	29287557	0	4232	43.166.250.187
5	0	0	0	2	0	0	29260493	0	0	29260493	0	199.45.155.102
5	1	1	0	0	29241194	0	0	29241194	0	0	7959	64.15.129.114
5	1	1	0	0	29241194	0	0	29241194	0	0	7959	64.15.129.113
5	1	1	0	0	29259399	0	0	29259399	0	0	2474	54.201.22.79
5	1	1	0	3	29243246	0	29243247	29243246	0	29243246	2490	167.94.138.125
5	1	1	0	0	29243007	0	0	29243007	0	0	2490	185.247.137.135
5	1	1	0	0	29246400	0	0	29246400	0	0	2490	44.244.46.190
5	0	0	1	0	0	29303026	0	0	29303026	0	0	113.219.218.197
5	1	1	0	0	29242166	0	0	29242166	0	0	2490	34.210.38.61
5	1	1	0	1	29244214	0	29244214	29244214	0	29244214	2490	17.241.227.62
5	1	1	0	0	29269558	0	0	29269558	0	0	2474	34.217.178.250
5	1	1	0	0	29241195	0	0	29241195	0	0	7959	64.15.129.102
5	1	0	1	0	29297350	29297350	0	29297350	29297350	0	4232	43.156.202.34
5	1	1	0	0	29241194	0	0	29241194	0	0	7959	64.15.129.101
5	0	0	2	0	0	29306364	0	0	29306364	0	0	159.203.107.233
5	1	1	0	0	29256522	0	0	29256522	0	0	2480	44.252.4.159
5	2	0	3	0	29290804	29290804	0	29290803	29290803	0	8672	167.94.138.112
5	1	0	1	0	29288048	29288048	0	29288048	29288048	0	4232	54.198.5.155
5	1	1	0	1	29266949	0	29266949	29266949	0	29266949	2474	167.71.27.130
5	0	0	0	2	0	0	29273680	0	0	29273680	0	130.89.144.166
5	1	1	0	0	29260872	0	0	29260872	0	0	2474	43.153.123.3
5	1	1	0	0	29275494	0	0	29275494	0	0	2474	43.130.131.18
5	0	0	2	0	0	29304484	0	0	29304484	0	0	130.89.144.162
5	1	0	1	0	29290893	29290893	0	29290893	29290893	0	4232	3.91.39.176
5	0	0	1	0	0	29305585	0	0	29305585	0	0	124.156.226.179
5	1	0	1	0	29298841	29298841	0	29298841	29298841	0	4336	87.236.176.158
5	1	1	0	1	29247204	0	29247204	29247204	0	29247204	2743	134.209.18.99
5	1	0	1	0	29297693	29297693	0	29297693	29297693	0	4232	170.106.72.178
5	1	1	0	0	29245112	0	0	29245112	0	0	2490	17.241.219.23
5	0	0	42	0	0	29303361	0	0	29303360	0	0	4.217.254.21
5	1	0	1	0	29288949	29288949	0	29288949	29288949	0	4232	43.153.135.208
5	2	2	0	0	29278173	0	0	29250446	0	0	4954	109.199.118.129
5	1	0	1	0	29297521	29297521	0	29297521	29297521	0	4232	182.42.111.213
5	1	1	0	0	29264364	0	0	29264364	0	0	2474	43.130.39.254
5	0	0	1	0	0	29305158	0	0	29305158	0	0	175.6.217.4
5	1	0	0	0	29244223	0	0	29244223	0	0	1537	17.241.219.15
5	1	0	2	0	29298659	29302108	0	29298659	29298659	0	4232	114.96.103.33
5	2	2	0	0	29281577	0	0	29265552	0	0	4948	43.159.144.16
5	1	0	1	0	29301411	29301411	0	29301411	29301411	0	4232	87.236.176.137
5	1	1	0	0	29271038	0	0	29271038	0	0	2474	34.221.165.146
5	0	0	1	0	0	29304675	0	0	29304675	0	0	111.172.249.49
5	0	0	1	0	0	29305713	0	0	29305713	0	0	69.171.249.9
5	1	1	0	6	29266512	0	29266512	29266512	0	29266512	2474	144.126.132.107
5	2	1	1	0	29295390	29295390	0	29245119	29295390	0	6722	162.62.213.187
5	1	0	0	0	29241027	0	0	29241027	0	0	8	178.239.151.243
5	1	1	0	1	29241512	0	29241512	29241512	0	29241512	2490	188.166.7.63
5	0	0	1	0	0	29309234	0	0	29309234	0	0	87.236.176.131
5	0	0	1	0	0	29309106	0	0	29309106	0	0	217.113.196.248
5	1	1	0	0	29245818	0	0	29245818	0	0	2490	49.51.38.193
5	1	1	0	0	29278169	0	0	29278169	0	0	2474	34.221.137.38
5	1	1	0	0	29268617	0	0	29268617	0	0	2474	43.157.156.190
5	0	0	0	22	0	0	29241146	0	0	29241146	0	178.128.207.138
5	0	0	0	1	0	0	29241150	0	0	29241150	0	188.215.235.40
5	1	1	0	0	29267099	0	0	29267099	0	0	2474	43.130.12.43
5	0	0	1	0	0	29305713	0	0	29305713	0	0	57.141.0.20
5	1	1	0	0	29249672	0	0	29249672	0	0	2656	43.165.135.242
5	1	0	0	0	29241146	0	0	29241146	0	0	87	13.229.137.49
5	1	1	0	0	29247111	0	0	29247111	0	0	2743	43.157.180.116
5	1	1	0	0	29277575	0	0	29277575	0	0	2474	44.202.35.195
5	1	0	0	0	29241146	0	0	29241146	0	0	87	18.141.220.159
5	1	1	0	0	29258580	0	0	29258580	0	0	2474	43.133.139.6
5	1	0	0	0	29293926	0	0	29293926	0	0	4232	185.12.150.17
5	1	1	0	0	29259399	0	0	29259399	0	0	2474	44.244.76.124
5	1	0	2	0	29299799	29305856	0	29299799	29299799	0	4232	132.232.165.4
5	1	1	0	1	29245372	0	29245372	29245372	0	29245372	2490	209.38.217.76
5	1	1	0	1	29242476	0	29242476	29242476	0	29242476	2490	161.35.218.169
5	1	1	0	0	29250030	0	0	29250030	0	0	2480	49.51.183.75
5	1	1	0	0	29267460	0	0	29267460	0	0	2474	100.24.149.244
5	1	1	0	1	29244422	0	29244422	29244422	0	29244422	2490	134.209.165.151
5	1	1	0	0	29268185	0	0	29268185	0	0	2474	43.131.26.226
5	3	2	1	0	29289640	29289640	0	29242338	29289640	0	9202	43.130.15.147
5	0	0	1	0	0	29309106	0	0	29309106	0	0	217.113.196.212
5	0	0	1	0	0	29306303	0	0	29306303	0	0	162.142.125.112
5	1	0	1	0	29297290	29297290	0	29297290	29297290	0	4232	60.188.57.0
5	3	3	0	6	29250406	0	29250487	29250227	0	29250227	7440	185.177.72.57
5	3	3	0	180	29243073	0	29243073	29242718	0	29242718	7470	185.177.72.236
5	1	1	0	1	29252158	0	29252158	29252158	0	29252158	2480	146.70.10.14
5	1	1	0	1	29241354	0	29241325	29241354	0	29241325	2120	66.249.68.133
5	0	0	1	0	0	29295377	0	0	29295377	0	0	66.249.68.132
5	0	0	1	0	0	29308466	0	0	29308466	0	0	43.133.69.37
5	3	0	2	2	29299851	29299851	29285440	29295377	29299851	29285026	11691	66.249.68.131
5	1	1	0	0	29253550	0	0	29253550	0	0	2480	44.248.17.242
5	9	3	2	4	29298284	29295377	29283477	29272420	29292503	29262229	22284	66.249.68.129
5	3	1	3	1	29299851	29298284	29272389	29272449	29292503	29272389	9929	66.249.68.130
5	0	0	1	0	0	29304916	0	0	29304916	0	0	114.117.233.112
5	1	1	0	0	29245074	0	0	29245074	0	0	7960	91.231.89.36
5	0	0	0	1	0	0	29241148	0	0	29241148	0	205.169.39.68
5	1	1	0	0	29245133	0	0	29245133	0	0	7960	91.231.89.34
5	1	1	0	0	29276666	0	0	29276666	0	0	2474	52.41.161.202
5	1	1	0	0	29245127	0	0	29245127	0	0	7960	91.231.89.33
5	1	1	0	0	29255895	0	0	29255895	0	0	2480	43.164.197.209
5	1	0	0	0	29241146	0	0	29241146	0	0	87	13.49.221.43
5	0	0	1	0	0	29302132	0	0	29302132	0	0	170.106.73.216
5	0	0	1	0	0	29292058	0	0	29292058	0	0	190.83.49.15
5	1	1	0	0	29270073	0	0	29270073	0	0	7820	44.202.226.225
5	1	1	0	0	29268185	0	0	29268185	0	0	2474	54.187.11.57
5	2	1	0	0	29254504	0	0	29254504	0	0	4026	205.169.39.57
5	83	0	83	0	29289439	29289439	0	29289438	29289438	0	631630	4.217.248.11
5	2	0	0	0	29241146	0	0	29241146	0	0	174	44.250.186.241
5	1	1	0	0	29284818	0	0	29284818	0	0	2474	43.153.54.138
5	2	1	0	0	29254507	0	0	29254507	0	0	4026	205.169.39.49
5	1	1	1	0	29279847	29303434	0	29279847	29303434	0	2474	3.138.185.30
5	1	0	1	0	29293844	29293844	0	29293844	29293844	0	4232	100.29.38.0
5	1	1	0	1	29254026	0	29254026	29254026	0	29254026	2480	128.199.20.232
5	150	0	150	0	29287606	29287606	0	29287604	29287604	0	1163550	4.217.175.227
5	1	1	0	1	29244459	0	29244459	29244459	0	29244459	2490	185.177.72.23
5	0	0	0	282	0	0	29247925	0	0	29246275	0	185.177.72.202
5	1	1	0	0	29248291	0	0	29248291	0	0	2743	43.164.197.177
5	0	0	0	123	0	0	29245875	0	0	29245875	0	185.177.72.201
5	0	0	1	0	0	29307260	0	0	29307260	0	0	43.133.187.11
5	1	1	0	0	29255815	0	0	29255815	0	0	2480	173.244.42.174
5	1	1	0	0	29275219	0	0	29275219	0	0	2474	52.36.109.148
5	1	1	0	0	29252212	0	0	29252212	0	0	2480	44.245.22.166
5	4	2	0	0	29242859	0	0	29242859	0	0	8054	5.161.251.115
5	1	1	0	0	29272098	0	0	29272098	0	0	7820	3.239.122.213
5	1	0	1	0	29295785	29295785	0	29295785	29295785	0	4232	43.131.243.61
5	1	0	1	0	29299673	29299673	0	29299673	29299673	0	3897	173.244.42.171
5	0	0	0	1	0	0	29244090	0	0	29244090	0	45.8.22.95
5	1	0	1	0	29293769	29293769	0	29293769	29293769	0	7757	98.84.54.139
5	0	0	1	0	0	29307679	0	0	29307679	0	0	43.166.244.66
5	0	0	1	0	0	29306796	0	0	29306796	0	0	182.42.105.144
5	0	0	1	0	0	29310406	0	0	29310406	0	0	43.130.16.212
5	45	6	0	2	29264840	0	29241153	29241146	0	29241153	18030	185.8.174.50
5	4	4	0	364	29249477	0	29249477	29248865	0	29248865	10624	185.177.72.10
5	1	1	0	0	29250754	0	0	29250754	0	0	2480	54.184.186.36
5	1	1	0	0	29261003	0	0	29261003	0	0	2474	34.219.97.155
5	1	1	0	0	29285263	0	0	29285263	0	0	2474	54.172.106.163
5	1	1	0	0	29241243	0	0	29241243	0	0	2491	35.91.210.160
5	0	0	0	2	0	0	29241148	0	0	29241148	0	205.169.39.26
5	1	1	0	1	29243635	0	29243635	29243635	0	29243635	2490	65.21.46.73
5	0	0	1	0	0	29293926	0	0	29293926	0	0	151.248.1.103
5	0	0	1	0	0	29310304	0	0	29310304	0	0	129.28.14.231
5	1	1	0	0	29270928	0	0	29270928	0	0	2135	152.67.193.32
5	1	1	0	0	29277015	0	0	29277015	0	0	2474	43.165.189.206
5	1	0	1	0	29300121	29300121	0	29300121	29300121	0	4232	43.159.128.155
5	1	1	0	0	29282361	0	0	29282361	0	0	2474	93.158.91.250
5	1	0	1	0	29296157	29296157	0	29296157	29296157	0	4232	49.51.39.209
5	0	0	0	1	0	0	29282361	0	0	29282361	0	93.158.91.247
5	0	0	0	3	0	0	29252870	0	0	29243025	0	157.55.39.225
5	0	0	1	0	0	29309834	0	0	29309834	0	0	182.43.70.143
5	1	0	1	0	29294321	29294321	0	29294321	29294321	0	4232	49.51.72.76
5	1	1	0	1	29265644	0	29265644	29265644	0	29265644	2474	167.99.54.161
5	2	0	3	0	29300721	29308907	0	29298203	29298203	0	8464	36.41.75.167
5	1	1	0	0	29241658	0	0	29241658	0	0	2490	43.130.71.237
5	1	0	0	0	29241146	0	0	29241146	0	0	87	16.171.2.199
5	1	1	0	0	29282628	0	0	29282628	0	0	2474	54.160.238.62
5	1	1	0	0	29272817	0	0	29272817	0	0	2474	35.163.162.91
5	1	1	0	0	29265085	0	0	29265085	0	0	2474	35.90.184.150
5	0	0	1	1	0	29293932	29273550	0	29293932	29273550	0	192.36.137.155
5	0	0	0	2	0	0	29264840	0	0	29264839	0	206.168.34.208
5	0	0	0	1	0	0	29252300	0	0	29252300	0	180.163.220.96
5	0	0	1	0	0	29306572	0	0	29306572	0	0	49.7.227.204
5	0	0	1	0	0	29304107	0	0	29304107	0	0	185.193.157.211
5	1	0	0	0	29241146	0	0	29241146	0	0	87	54.190.149.254
5	1	1	0	1	29242923	0	29242923	29242923	0	29242923	2490	157.230.115.137
5	1	0	2	0	29289524	29289524	0	29289524	29289524	0	4232	72.13.62.43
5	1	0	1	0	29289683	29289683	0	29289683	29289683	0	7610	44.220.91.60
5	49	40	13	0	29300189	29310204	0	29241831	29288352	0	138554	194.225.50.88
5	1	1	0	0	29246777	0	0	29246777	0	0	2490	43.153.71.12
5	0	0	0	1	0	0	29245453	0	0	29245453	0	180.163.220.112
5	1	1	0	0	29245453	0	0	29245453	0	0	7960	180.163.220.111
5	0	0	1	0	0	29305727	0	0	29305727	0	0	44.220.168.142
5	1	1	0	0	29252299	0	0	29252299	0	0	7820	180.163.220.110
5	0	0	0	1	0	0	29267460	0	0	29267460	0	98.83.8.142
5	1	1	0	1	29274277	0	29274277	29274277	0	29274277	2474	64.225.74.165
5	1	1	0	0	29279945	0	0	29279945	0	0	2474	34.211.146.39
5	0	0	0	1	0	0	29245453	0	0	29245453	0	180.163.220.100
5	12	12	0	72	29243242	0	29243242	29242727	0	29242727	95520	52.205.193.227
5	2	1	1	0	29286070	29286070	0	29252547	29286070	0	6712	49.51.253.26
5	1	0	3	0	29296386	29309380	0	29296386	29296386	0	4232	101.91.148.219
5	0	0	1	0	0	29306329	0	0	29306329	0	0	43.153.79.218
5	3	3	0	18	29242429	0	29242429	29242429	0	29242429	23880	52.90.217.223
5	1	0	0	0	29299494	0	0	29299494	0	0	4232	192.36.109.98
5	0	0	0	1	0	0	29245507	0	0	29245507	0	1.192.192.6
5	0	0	1	0	0	29302759	0	0	29302759	0	0	45.149.173.219
5	1	1	0	1	29245506	0	29245507	29245506	0	29245507	7960	1.192.192.4
5	0	0	0	56	0	0	29247515	0	0	29247514	0	185.177.72.115
5	1	1	0	0	29252134	0	0	29252134	0	0	2480	43.156.109.53
5	1	1	0	0	29245035	0	0	29245035	0	0	2490	44.243.241.19
5	2	2	0	43	29270275	0	29270276	29270275	0	29245856	4948	185.177.72.111
5	0	0	1	0	0	29299494	0	0	29299494	0	0	192.36.109.91
5	0	0	0	27	0	0	29256486	0	0	29243140	0	185.177.72.107
5	1	0	1	0	29300028	29300028	0	29300028	29300028	0	4232	124.221.245.78
5	0	0	0	1	0	0	29252300	0	0	29252300	0	180.163.220.60
5	1	1	0	3	29278086	0	29278086	29278086	0	29278086	2474	167.94.138.42
5	0	0	0	2	0	0	29263587	0	0	29263587	0	167.94.146.58
5	0	0	0	89	0	0	29255421	0	0	29246069	0	185.177.72.104
5	1	1	0	1	29245453	0	29245453	29245453	0	29245453	7960	106.75.157.202
5	0	0	0	1	0	0	29245453	0	0	29245453	0	180.163.220.50
5	0	0	83	0	0	29310379	0	0	29310378	0	0	52.169.148.186
5	2	2	0	0	29258949	0	0	29250952	0	0	4954	129.226.93.214
5	0	0	0	1	0	0	29245453	0	0	29245453	0	180.163.220.45
5	1	1	0	0	29283431	0	0	29283431	0	0	2474	150.109.119.38
5	1	0	1	0	29288587	29288587	0	29288587	29288587	0	4232	43.157.50.58
5	0	0	0	1	0	0	29252300	0	0	29252300	0	180.163.220.42
5	0	0	0	1	0	0	29252300	0	0	29252300	0	180.163.220.41
5	95	0	95	79	29295199	29295199	29276017	29295198	29295198	29276017	736915	13.79.87.25
5	1	1	0	0	29262266	0	0	29262266	0	0	2474	43.133.66.51
5	1	0	1	0	29290420	29290420	0	29290420	29290420	0	4232	170.106.15.3
5	0	0	1	0	0	29303955	0	0	29303955	0	0	203.33.203.148
5	0	0	0	1	0	0	29255180	0	0	29255180	0	192.71.3.222
5	6	6	0	36	29242648	0	29242648	29242511	0	29242511	47760	54.158.216.192
5	0	0	1	0	0	29303734	0	0	29303734	0	0	182.44.2.148
5	1	1	0	0	29281163	0	0	29281163	0	0	2474	35.87.129.168
5	0	0	0	80	0	0	29276345	0	0	29276345	0	52.187.27.198
5	1	0	1	0	29301327	29301327	0	29301327	29301327	0	4232	101.32.49.171
5	1	1	0	1	29274259	0	29274259	29274259	0	29274259	2474	164.90.174.230
5	0	0	1	0	0	29307259	0	0	29307259	0	0	182.42.105.85
5	1	1	0	0	29284104	0	0	29284104	0	0	2474	43.153.15.51
5	1	0	1	0	29295065	29295064	0	29295065	29295064	0	4232	206.168.34.94
5	1	1	0	1	29246581	0	29246581	29246581	0	29246581	2490	68.183.201.123
5	2	2	0	0	29250437	0	0	29244699	0	0	4970	43.128.149.102
5	1	1	0	0	29243779	0	0	29243779	0	0	2490	35.86.120.136
5	1	0	0	0	29241146	0	0	29241146	0	0	87	18.118.102.49
5	0	0	1	0	0	29286943	0	0	29286943	0	0	94.247.172.129
5	2	1	0	2	29264593	0	29264593	29264529	0	29264529	3531	216.73.216.173
5	1	1	0	0	29284215	0	0	29284215	0	0	2474	44.211.157.157
5	1	1	0	3	29282754	0	29282755	29282754	0	29282754	2474	206.168.34.116
5	1	1	0	1	29245911	0	29245911	29245911	0	29245911	2490	143.110.183.87
5	0	0	1	0	0	29305713	0	0	29305713	0	0	173.252.107.18
5	0	0	0	1	0	0	29262791	0	0	29262791	0	216.24.213.186
5	1	0	1	0	29294756	29294756	0	29294756	29294756	0	4232	8.39.54.150
5	1	0	1	0	29298443	29298443	0	29298443	29298443	0	4232	43.153.62.161
5	0	0	0	2	0	0	29274668	0	0	29258409	0	52.167.144.55
5	1	1	0	3	29250592	0	29250593	29250592	0	29250592	2480	206.168.34.79
5	1	1	0	1	29265474	0	29265474	29265474	0	29265474	2474	24.144.82.193
5	0	0	1	0	0	29307748	0	0	29307748	0	0	121.229.185.160
5	1	1	0	0	29273924	0	0	29273924	0	0	2474	43.166.128.86
5	1	1	0	0	29246339	0	0	29246339	0	0	2490	43.155.157.239
5	0	0	0	13	0	0	29265976	0	0	29260206	0	102.53.13.221
5	1	1	0	0	29250846	0	0	29250846	0	0	2480	111.7.100.27
5	1	0	2	0	29286950	29286950	0	29286950	29286950	0	4232	159.203.181.13
5	1	0	2	0	29292748	29305985	0	29292748	29292748	0	4232	43.157.153.236
5	0	0	0	1	0	0	29241885	0	0	29241885	0	54.37.78.193
5	1	1	0	0	29276557	0	0	29276557	0	0	2474	43.153.113.127
5	0	0	0	1	0	0	29252870	0	0	29252870	0	40.77.167.59
5	1	1	0	0	29273550	0	0	29273550	0	0	2474	192.36.121.172
5	0	0	0	1	0	0	29250926	0	0	29250926	0	40.77.167.55
5	3	2	0	0	29254394	0	0	29254394	0	0	6169	205.169.39.240
5	1	1	0	0	29249773	0	0	29249773	0	0	2656	34.215.131.129
5	1	1	0	0	29248231	0	0	29248231	0	0	8958	54.39.104.60
5	2	2	0	0	29278631	0	0	29267497	0	0	4948	43.157.188.74
5	1	0	0	0	29244200	0	0	29244200	0	0	1537	17.246.15.198
5	1	1	0	0	29285668	0	0	29285668	0	0	2474	43.159.136.201
5	1	0	0	0	29241146	0	0	29241146	0	0	87	3.139.87.110
5	0	0	0	1	0	0	29243025	0	0	29243025	0	40.77.167.44
5	0	0	0	1	0	0	29241153	0	0	29241153	0	139.162.236.60
5	1	0	2	0	29301370	29302764	0	29301370	29301370	0	3897	207.46.13.231
5	3	2	1	0	29293579	29293579	0	29243578	29293579	0	9196	43.128.156.124
5	0	0	1	0	0	29303645	0	0	29303645	0	0	43.135.185.59
5	1	1	0	0	29271738	0	0	29271738	0	0	2474	43.157.38.228
5	1	1	0	0	29249128	0	0	29249128	0	0	2656	43.131.32.36
5	0	0	1	0	0	29302604	0	0	29302604	0	0	52.203.232.158
5	1	0	1	0	29290052	29290052	0	29290052	29290052	0	7610	3.235.108.198
5	1	0	1	0	29299351	29299351	0	29299351	29299351	0	4232	120.71.59.24
5	1	0	1	0	29296867	29296867	0	29296867	29296867	0	4232	3.90.80.133
5	1	0	1	0	29286767	29286767	0	29286767	29286767	0	3897	154.3.62.41
5	4	2	0	0	29241291	0	0	29241291	0	0	8054	44.251.232.55
5	1	1	0	0	29274017	0	0	29274017	0	0	2474	54.188.223.240
5	1	0	1	0	29293187	29293187	0	29293187	29293187	0	4232	43.128.67.187
5	0	0	0	2	0	0	29253415	0	0	29253415	0	5.9.120.41
5	0	0	0	33	0	0	29285867	0	0	29280524	0	52.178.197.183
5	0	0	1	0	0	29303154	0	0	29303154	0	0	104.215.251.119
5	1	1	0	0	29261298	0	0	29261298	0	0	2474	170.106.140.110
5	1	1	0	0	29244324	0	0	29244324	0	0	2490	43.130.47.33
5	0	0	1	0	0	29303533	0	0	29303533	0	0	141.98.11.171
5	1	1	0	1	29245236	0	29245236	29245236	0	29245236	2490	142.44.245.88
5	1	1	0	0	29243068	0	0	29243068	0	0	2490	43.165.70.220
5	2	2	0	0	29241263	0	0	29241263	0	0	4980	18.236.217.107
5	1	0	2	0	29288194	29304462	0	29288194	29288194	0	4232	43.153.27.244
5	0	0	2	0	0	29305380	0	0	29302789	0	0	110.166.71.39
5	1	1	0	0	29263757	0	0	29263757	0	0	2474	35.88.70.20
5	0	0	0	1	0	0	29245083	0	0	29245083	0	91.196.152.151
5	1	1	0	0	29241430	0	0	29241430	0	0	2490	18.234.253.219
5	2	1	1	0	29291913	29291913	0	29270072	29291913	0	6706	43.134.141.244
5	1	1	0	0	29264185	0	0	29264185	0	0	2474	46.228.199.158
5	0	0	2	0	0	29307416	0	0	29307416	0	0	167.172.159.232
z	0	47	29	29251087	0
z	1	1	0	29241027	8
z	2	54	0	29241146	4491
z	3	35	1	29249828	6690
z	4	1241	397	29301411	6895754
z	6	2	0	29247020	468064
c	200	1351	29301411
c	301	214	29310473
c	302	778	29301411
c	304	29	29249974
c	403	55	29280055
c	404	1806	29301761
